translator,no,bertscore,metricalDistanceRaw,rhymeSchemeSimilarityF1
george,0,0.874055589056939,0.735714285714286,1
george,1,0.863536281887598,0.814285714285714,0.923076923076923
george,2,0.864442675447878,0.85,1
george,3,0.863951636721302,0.814285714285714,0.833333333333333
george,4,0.86341035659877,0.664285714285714,0.923076923076923
george,5,0.867823372779144,0.921428571428571,0.923076923076923
george,6,0.872337202062359,0.857142857142857,1
george,7,0.859113265299953,0.821428571428571,0.923076923076923
george,8,0.877594240483259,0.721428571428571,1
george,9,0.861873417846617,0.778571428571429,1
george,10,0.856361486139897,0.928571428571428,1
george,11,0.869173771444312,0.771428571428571,1
george,12,0.890110050428156,0.764285714285714,1
george,13,0.86883423033984,0.871428571428572,0.923076923076923
george,14,0.871928669593557,0.964285714285714,1
george,15,0.875311637743724,0.878571428571428,1
george,16,0.880648945258876,0.878571428571428,1
george,17,0.866916804069386,0.878571428571429,1
george,18,0.874230653786896,0.992857142857143,1
george,19,0.874798537086182,0.857142857142857,0.923076923076923
george,20,0.867444237309986,0.664285714285714,1
george,21,0.876408321727777,0.842857142857143,1
george,22,0.886170670366591,0.792857142857143,1
george,23,0.865261843315442,0.778571428571429,1
george,24,0.888988975989254,0.785714285714286,1
george,25,0.869965043211335,0.821428571428571,1
george,26,0.881520772370101,0.8,0.923076923076923
george,27,0.873649244580771,0.7,0.923076923076923
george,28,0.870862286186914,0.785714285714286,0.777777777777778
george,29,0.881575320211614,0.65,0.923076923076923
george,30,0.887968780308788,0.864285714285714,0.923076923076923
george,31,0.877233482679758,0.857142857142857,0.923076923076923
george,32,0.889659734624809,0.864285714285714,0.777777777777778
george,33,0.887431125311698,0.685714285714286,1
george,34,0.876018224135481,0.842857142857143,1
george,35,0.879130860778538,0.85,0.923076923076923
george,36,0.892797135621091,0.714285714285714,0.923076923076923
george,37,0.873307727108699,0.85,1
george,38,0.881332997871061,0.9,0.777777777777778
george,39,0.873423186107677,1.02857142857143,1
george,40,0.875824575375681,0.878571428571428,1
george,41,0.88447702056977,0.814285714285714,1
george,42,0.88969693157696,0.835714285714286,0.923076923076923
george,43,0.877789778486394,0.742857142857143,0.666666666666667
george,44,0.870654542048185,0.735714285714286,0.823529411764706
george,45,0.874462743298606,0.728571428571429,1
george,46,0.875870230841701,0.692857142857143,1
george,47,0.87080236718731,0.807142857142857,0.923076923076923
george,48,0.866033296318959,0.764285714285714,0.777777777777778
george,49,0.890566952406366,0.735714285714286,1
george,50,0.869279852788738,0.985714285714286,0.923076923076923
george,51,0.874936140212014,0.807142857142857,1
george,52,0.886713679310419,0.771428571428571,0.923076923076923
george,53,0.874271889308641,0.735714285714286,1
george,54,0.872020910037273,1.06428571428571,0.615384615384615
george,55,0.868067771132723,0.764285714285714,1
george,56,0.879328414767874,0.942857142857143,1
george,57,0.873354217656838,0.721428571428571,0.923076923076923
george,58,0.87903814456901,0.9,0.833333333333333
george,59,0.881642118210621,0.935714285714286,0.75
george,60,0.894770961004855,0.728571428571429,0.625
george,61,0.882405169480337,0.728571428571429,1
george,62,0.876872400467119,0.664285714285714,0.833333333333333
george,63,0.883042845814645,0.842857142857143,0.142857142857143
george,64,0.873999687209187,0.985714285714286,1
george,65,0.871386611100609,0.807142857142857,0.705882352941176
george,66,0.869816424793325,0.814285714285714,0.923076923076923
george,67,0.882011695558261,0.807142857142857,1
george,68,0.8717867594882,0.714285714285714,0.777777777777778
george,69,0.865039664341244,0.735714285714286,0.923076923076923
george,70,0.892012629433132,0.778571428571429,0.923076923076923
george,71,0.883889748065363,0.978571428571428,1
george,72,0.884498051368902,0.928571428571428,1
george,73,0.877953399959438,0.8,0.705882352941176
george,74,0.881345643431713,0.821428571428571,1
george,75,0.900007911440616,0.75,1
george,76,0.870324714506239,0.735714285714286,0.923076923076923
george,77,0.889492194141767,0.678571428571429,0.923076923076923
george,78,0.896620019161451,0.842857142857143,1
george,79,0.869742419825902,0.678571428571429,1
george,80,0.874916312794177,0.807142857142857,1
george,81,0.860555861921415,0.685714285714286,0.777777777777778
george,82,0.87642039817629,0.742857142857143,1
george,83,0.878722844561386,0.792857142857143,1
george,84,0.873635343444136,0.764285714285714,1
george,85,0.877642652279609,0.857142857142857,0.923076923076923
george,86,0.871511818284212,0.857142857142857,1
george,87,0.877856863175567,0.8,0.923076923076923
george,88,0.867221799953033,0.828571428571429,0.833333333333333
george,89,0.878938046090249,0.821428571428571,0.923076923076923
george,90,0.877048328768217,0.992857142857143,1
george,91,0.879484040589857,0.728571428571429,1
george,92,0.874567951211331,0.8,0.923076923076923
george,93,0.880409836164742,0.878571428571428,0.923076923076923
george,94,0.880640491366743,0.878571428571429,0.923076923076923
george,95,0.875702788284735,0.792857142857143,1
george,96,0.889537616784158,0.828571428571428,1
george,97,0.884100855701058,0.728571428571429,1
george,98,0.870316669884937,0.753333333333333,1
george,99,0.87526181847724,0.9,0.8
george,100,0.871056720054387,0.992857142857143,1
george,101,0.881367319914786,0.735714285714286,0.823529411764706
george,102,0.885878481070799,0.785714285714286,1
george,103,0.872733765560842,0.785714285714286,1
george,104,0.877885857498517,0.792857142857143,1
george,105,0.878781074642527,0.778571428571429,1
george,106,0.87564768185925,0.928571428571429,0.923076923076923
george,107,0.884560012494226,0.842857142857143,0.923076923076923
george,108,0.877134617499605,0.95,0.777777777777778
george,109,0.87147999241082,0.814285714285714,1
george,110,0.884111122302497,0.792857142857143,1
george,111,0.875897760194229,0.7,0.777777777777778
george,112,0.874246040457348,0.7,1
george,113,0.869287937434023,0.835714285714286,1
george,114,0.875854262151906,0.985714285714285,1
george,115,0.882203214709448,0.864285714285714,0.777777777777778
george,116,0.87606356993049,0.828571428571429,0.923076923076923
george,117,0.853484007799987,0.764285714285714,1
george,118,0.873841920997401,0.842857142857143,1
george,119,0.881206400579169,0.828571428571428,0.923076923076923
george,120,0.88094137880378,0.914285714285714,1
george,121,0.868107385148546,0.878571428571429,1
george,122,0.872687576432258,0.885714285714286,1
george,123,0.874894103775297,0.721428571428571,1
george,124,0.866956568658044,0.985714285714285,0.823529411764706
george,125,0.84896675806749,0.675,1
george,126,0.875998782058273,0.75,0.777777777777778
george,127,0.875816933291476,0.871428571428571,1
george,128,0.862613259330327,0.914285714285714,1
george,129,0.907043928758487,0.671428571428571,1
george,130,0.871244668719259,0.842857142857143,0.833333333333333
george,131,0.872399033023177,0.735714285714286,0.777777777777778
george,132,0.879420850516225,0.828571428571428,0.823529411764706
george,133,0.870234038706083,0.928571428571428,0.923076923076923
george,134,0.867092899445343,0.985714285714286,0.583333333333333
george,135,0.879388776259781,0.785714285714286,0.923076923076923
george,136,0.869342647631621,0.814285714285714,1
george,137,0.891239285078998,0.728571428571429,0.777777777777778
george,138,0.884225962657388,0.985714285714285,1
george,139,0.859096786521177,1.08571428571429,0.923076923076923
george,140,0.87207361056394,0.957142857142857,0.777777777777778
george,141,0.866678722869773,0.857142857142857,1
george,142,0.878463798883819,0.921428571428572,0.823529411764706
george,143,0.890208997693282,0.942857142857143,0.923076923076923
george,144,0.872736030596633,0.685714285714286,1
george,145,0.890704249016493,0.807142857142857,1
george,146,0.876658819722029,0.7,1
george,147,0.882618492212675,0.807142857142857,0.923076923076923
george,148,0.870256458975459,0.914285714285714,1
george,149,0.890577228473717,0.835714285714286,1
george,150,0.867323006674123,0.914285714285714,1
george,151,0.868143798117804,0.842857142857143,1
george,152,0.865939681687609,0.921428571428572,1
george,153,0.885360489457292,0.871428571428571,1
tieck,0,0.878752000744547,0.7,0.923076923076923
tieck,1,0.860007185336123,0.664285714285714,1
tieck,2,0.868075346338562,0.807142857142857,1
tieck,3,0.876212963344749,1.00714285714286,0.833333333333333
tieck,4,0.862515357841687,0.778571428571429,1
tieck,5,0.86387588404527,0.714285714285714,1
tieck,6,0.870352009120857,0.628571428571428,1
tieck,7,0.87944624868929,0.828571428571429,1
tieck,8,0.878407471720018,0.707142857142857,1
tieck,9,0.856018752979995,0.842857142857143,1
tieck,10,0.861721865366621,0.778571428571429,0.923076923076923
tieck,11,0.874978017298996,0.671428571428571,1
tieck,12,0.868138311375839,0.764285714285714,0.923076923076923
tieck,13,0.86614849475491,0.75,1
tieck,14,0.870294006631135,0.7,1
tieck,15,0.880935894783888,0.685714285714286,1
tieck,16,0.876695167179104,0.721428571428571,0.777777777777778
tieck,17,0.878535502447157,0.742857142857143,1
tieck,18,0.86602722922218,0.778571428571428,1
tieck,19,0.868818177637453,0.685714285714286,0.923076923076923
tieck,20,0.865986709943692,0.635714285714286,0.923076923076923
tieck,21,0.868860024364411,0.785714285714286,1
tieck,22,0.882329947713091,0.621428571428572,1
tieck,23,0.873950779515959,0.664285714285714,0.923076923076923
tieck,24,0.880576183195531,0.7,0.923076923076923
tieck,25,0.872390642599059,0.714285714285714,0.923076923076923
tieck,26,0.875045763994482,0.678571428571429,1
tieck,27,0.879032591351383,0.685714285714286,0.923076923076923
tieck,28,0.878741018240816,0.721428571428571,1
tieck,29,0.881957546251601,0.578571428571429,1
tieck,30,0.883713553459498,0.75,1
tieck,31,0.862965260560429,0.735714285714286,0.923076923076923
tieck,32,0.88966047446445,0.721428571428571,1
tieck,33,0.884966693372325,0.735714285714286,1
tieck,34,0.864109008270742,0.678571428571428,0.923076923076923
tieck,35,0.870814898134697,0.75,1
tieck,36,0.880323504655804,0.65,0.923076923076923
tieck,37,0.873349264497704,0.707142857142857,0.923076923076923
tieck,38,0.8746676975282,0.75,1
tieck,39,0.868524413074825,0.8,0.777777777777778
tieck,40,0.870332533762615,0.757142857142857,0.923076923076923
tieck,41,0.887842845954891,0.821428571428571,0.8
tieck,42,0.877745837265211,0.592857142857143,0.705882352941176
tieck,43,0.869340417127545,0.764285714285714,1
tieck,44,0.875963775226236,0.792857142857143,0.923076923076923
tieck,45,0.869458361125458,0.592857142857143,1
tieck,46,0.88237643917002,0.707142857142857,1
tieck,47,0.881851091139793,0.664285714285714,0.923076923076923
tieck,48,0.870731159615767,0.714285714285714,1
tieck,49,0.888333280512648,0.628571428571428,0.923076923076923
tieck,50,0.887209907538231,0.792857142857143,1
tieck,51,0.870407502943018,0.685714285714286,1
tieck,52,0.875963867201827,0.778571428571429,0.923076923076923
tieck,53,0.869302986400725,0.664285714285714,0.923076923076923
tieck,54,0.884723979981831,0.807142857142857,1
tieck,55,0.869804028866906,0.721428571428571,1
tieck,56,0.874793687639147,0.792857142857143,0.833333333333333
tieck,57,0.863180698347428,0.714285714285714,0.923076923076923
tieck,58,0.874163540670968,0.721428571428571,0.923076923076923
tieck,59,0.878489547635016,0.671428571428571,1
tieck,60,0.879195840548978,0.735714285714285,1
tieck,61,0.877580589390358,0.807142857142857,1
tieck,62,0.870698424158446,0.607142857142857,1
tieck,63,0.873405014424534,0.65,1
tieck,64,0.879131658842088,0.635714285714286,1
tieck,65,0.873155137566154,0.75,0.923076923076923
tieck,66,0.875304468895042,0.75,1
tieck,67,0.880601438318199,0.635714285714286,1
tieck,68,0.876256373427882,0.75,0.833333333333333
tieck,69,0.866451888779785,0.721428571428571,0.923076923076923
tieck,70,0.8948090410494,0.878571428571429,0.923076923076923
tieck,71,0.88553436003842,0.871428571428571,1
tieck,72,0.884324075676702,0.678571428571429,1
tieck,73,0.880798214453681,0.778571428571429,1
tieck,74,0.857907924274061,0.885714285714285,1
tieck,75,0.881094899240058,0.642857142857143,1
tieck,76,0.867887975109795,0.7,0.923076923076923
tieck,77,0.866795739988939,0.714285714285714,1
tieck,78,0.884507018261224,0.814285714285714,1
tieck,79,0.871816683095424,0.764285714285714,1
tieck,80,0.891791082940504,0.7,1
tieck,81,0.863292341045564,0.7,1
tieck,82,0.877754456935532,0.671428571428571,1
tieck,83,0.865618701200617,0.807142857142857,0.923076923076923
tieck,84,0.863482372656587,0.671428571428571,1
tieck,85,0.877880541701262,0.75,0.923076923076923
tieck,86,0.864257020830577,0.8,0.833333333333333
tieck,87,0.870299174016092,0.835714285714286,1
tieck,88,0.8762421033632,0.771428571428571,1
tieck,89,0.87242941648454,0.614285714285714,1
tieck,90,0.871280956357699,0.764285714285714,0.923076923076923
tieck,91,0.868774326307615,0.642857142857143,1
tieck,92,0.880480199763293,0.65,1
tieck,93,0.865029905990322,0.892857142857143,1
tieck,94,0.87255123993291,0.664285714285714,1
tieck,95,0.863076935370845,0.664285714285714,1
tieck,96,0.872543001036018,0.728571428571429,1
tieck,97,0.888568467867909,0.792857142857143,0.923076923076923
tieck,98,0.879134720241084,0.62,1
tieck,99,0.869722985080831,0.692857142857143,0.923076923076923
tieck,100,0.872020558704189,0.871428571428571,0.923076923076923
tieck,101,0.883040497806136,0.721428571428571,1
tieck,102,0.864479360017714,0.942857142857143,1
tieck,103,0.861719162817667,0.685714285714286,1
tieck,104,0.867658573033479,0.807142857142857,1
tieck,105,0.867702361213837,0.757142857142857,0.923076923076923
tieck,106,0.872089540738779,0.657142857142857,1
tieck,107,0.877302922880422,0.664285714285714,0.923076923076923
tieck,108,0.870912256344564,0.828571428571429,1
tieck,109,0.865801552009159,0.685714285714286,1
tieck,110,0.878098215108301,0.828571428571429,1
tieck,111,0.863151731992126,0.671428571428571,1
tieck,112,0.879365284197807,0.692857142857143,1
tieck,113,0.865551744020067,0.842857142857143,1
tieck,114,0.867279822729395,0.771428571428571,0.923076923076923
tieck,115,0.874189187935098,0.75,1
tieck,116,0.867723231636593,0.678571428571429,1
tieck,117,0.870647425283024,0.685714285714286,0.823529411764706
tieck,118,0.877437585104581,0.771428571428571,1
tieck,119,0.871349576039203,0.9,1
tieck,120,0.868706689405521,0.7,1
tieck,121,0.860702222897412,0.878571428571429,0.923076923076923
tieck,122,0.875545380478447,0.778571428571429,1
tieck,123,0.860793763221387,0.692857142857143,1
tieck,124,0.872364595066644,0.671428571428571,1
tieck,125,0.864759700310881,0.791666666666667,1
tieck,126,0.881352352890666,0.585714285714286,1
tieck,127,0.876276825451766,0.692857142857143,0.923076923076923
tieck,128,0.860535010211701,0.735714285714286,1
tieck,129,0.895587019624897,0.785714285714286,0.923076923076923
tieck,130,0.876591143505888,0.671428571428571,0.923076923076923
tieck,131,0.881738850854777,0.714285714285714,0.777777777777778
tieck,132,0.868841771792195,0.7,0.777777777777778
tieck,133,0.868579611991619,0.914285714285714,1
tieck,134,0.874912873750536,0.835714285714286,1
tieck,135,0.878665401806587,0.721428571428571,0.75
tieck,136,0.86624504137537,0.771428571428571,0.923076923076923
tieck,137,0.883877780710464,0.807142857142857,1
tieck,138,0.876117078908351,0.778571428571429,1
tieck,139,0.866451760341383,0.671428571428571,0.8
tieck,140,0.870448897234284,0.814285714285714,1
tieck,141,0.861185139303002,0.85,1
tieck,142,0.869836800750631,0.821428571428571,1
tieck,143,0.886373431291992,0.628571428571429,1
tieck,144,0.867587786313881,0.757142857142857,1
tieck,145,0.867117989986002,0.621428571428571,1
tieck,146,0.881977694263502,0.735714285714286,0.923076923076923
tieck,147,0.877995265543653,0.685714285714286,0.923076923076923
tieck,148,0.869167795687006,0.857142857142857,1
tieck,149,0.881524777324299,0.778571428571429,1
tieck,150,0.878500019774156,0.807142857142857,1
tieck,151,0.866228171384779,0.792857142857143,0.923076923076923
tieck,152,0.866593122622572,0.835714285714286,1
tieck,153,0.881285004147769,0.714285714285714,1
walesrode,0,0.882940090294879,0.857142857142857,0.923076923076923
walesrode,1,0.869029207083375,0.664285714285714,1
walesrode,2,0.873932814645632,0.757142857142857,1
walesrode,3,0.885606274819976,0.907142857142857,1
walesrode,4,0.873023949192631,0.742857142857143,1
walesrode,5,0.8761531439728,0.814285714285714,0.666666666666667
walesrode,6,0.874313611119805,0.621428571428571,0.923076923076923
walesrode,7,0.86912204615745,0.785714285714286,0.823529411764706
walesrode,8,0.886428351234152,0.785714285714286,0.875
walesrode,9,0.891689020200673,0.914285714285714,0.923076923076923
walesrode,10,0.872132018276377,0.864285714285714,0.923076923076923
walesrode,11,0.88820641459207,0.714285714285714,1
walesrode,12,0.88910941422084,0.785714285714286,0.769230769230769
walesrode,13,0.873498451357546,0.764285714285714,1
walesrode,14,0.870174284693169,0.692857142857143,0.923076923076923
walesrode,15,0.889421757546914,0.778571428571429,0.923076923076923
walesrode,16,0.876394343805823,0.735714285714286,0.923076923076923
walesrode,17,0.886086755796299,0.821428571428572,0.923076923076923
walesrode,18,0.869104460151175,0.714285714285714,0.823529411764706
walesrode,19,0.877979069218897,0.85,0.923076923076923
walesrode,20,0.869949880149482,0.8,1
walesrode,21,0.894112509861728,0.828571428571429,0.923076923076923
walesrode,22,0.896016187552022,0.678571428571429,1
walesrode,23,0.880303647118905,0.642857142857143,0.823529411764706
walesrode,24,0.885454198179674,0.757142857142857,0.923076923076923
walesrode,25,0.885748989235073,0.721428571428571,0.8
walesrode,26,0.871801764818024,0.728571428571429,0.666666666666667
walesrode,27,0.885779783458417,0.635714285714286,1
walesrode,28,0.867806973765992,0.728571428571429,1
walesrode,29,0.878852917984708,0.571428571428571,0.8
walesrode,30,0.885261449311789,0.664285714285714,0.875
walesrode,31,0.874795603097403,0.792857142857143,1
walesrode,32,0.890446879458097,0.65,0.777777777777778
walesrode,33,0.892720038854119,0.685714285714286,0.833333333333333
walesrode,34,0.873785226475523,0.8,0.833333333333333
walesrode,35,0.885271568225043,0.8,0.923076923076923
walesrode,36,0.891035924853471,0.65,1
walesrode,37,0.886812740935306,0.757142857142857,1
walesrode,38,0.891653793730374,0.835714285714286,0.923076923076923
walesrode,39,0.883305853262818,0.907142857142857,0.75
walesrode,40,0.873229602912355,0.778571428571429,1
walesrode,41,0.887216126217272,0.885714285714286,1
walesrode,42,0.894017179441937,0.628571428571429,0.777777777777778
walesrode,43,0.87324176925148,0.707142857142857,1
walesrode,44,0.882599971443269,0.635714285714286,1
walesrode,45,0.87500506967775,0.764285714285714,0.727272727272727
walesrode,46,0.886913242003434,0.714285714285714,1
walesrode,47,0.872676521295326,0.764285714285714,1
walesrode,48,0.870364898869918,0.792857142857143,0.833333333333333
walesrode,49,0.878884155739545,0.65,1
walesrode,50,0.870984211941167,0.792857142857143,1
walesrode,51,0.865659282411526,0.714285714285714,0.923076923076923
walesrode,52,0.884082743743849,0.735714285714286,1
walesrode,53,0.876329980164081,0.692857142857143,0.8
walesrode,54,0.874755010540913,0.707142857142857,1
walesrode,55,0.867397181733951,0.7,1
walesrode,56,0.8679150404942,0.914285714285714,1
walesrode,57,0.865153934314824,0.8,1
walesrode,58,0.859183630606636,0.764285714285714,0.923076923076923
walesrode,59,0.867041749949571,0.657142857142857,1
walesrode,60,0.886418155036043,0.692857142857143,1
walesrode,61,0.880713951271221,0.75,0.823529411764706
walesrode,62,0.877621435550863,0.792857142857143,1
walesrode,63,0.868989100780825,0.614285714285714,1
walesrode,64,0.882614129433522,0.742857142857143,1
walesrode,65,0.851636524619443,0.792857142857143,0.727272727272727
walesrode,66,0.885833838892694,0.9,1
walesrode,67,0.877508888596497,0.557142857142857,0.923076923076923
walesrode,68,0.873074153780022,0.907142857142857,0.75
walesrode,69,0.85681594022024,0.728571428571429,0.833333333333333
walesrode,70,0.881847744217849,0.835714285714286,1
walesrode,71,0.874524406613597,0.764285714285714,0.777777777777778
walesrode,72,0.876252238486112,0.578571428571429,1
walesrode,73,0.880751235348824,0.892857142857143,1
walesrode,74,0.870479391363321,0.65,1
walesrode,75,0.883021547183476,0.6,1
walesrode,76,0.876544238910299,0.742857142857143,1
walesrode,77,0.880242675526015,0.728571428571428,1
walesrode,78,0.889733027209383,0.735714285714285,0.923076923076923
walesrode,79,0.869833040262248,0.635714285714286,1
walesrode,80,0.885619641086768,0.771428571428571,1
walesrode,81,0.867317189261937,0.607142857142857,1
walesrode,82,0.883807910661743,0.635714285714286,0.923076923076923
walesrode,83,0.860091516198913,0.778571428571429,1
walesrode,84,0.861500906395225,0.65,1
walesrode,85,0.881165850804998,0.785714285714286,1
walesrode,86,0.863846845197542,0.778571428571429,0.833333333333333
walesrode,87,0.885049294993473,0.771428571428571,1
walesrode,88,0.879746201079548,0.8,1
walesrode,89,0.873310115418431,0.792857142857143,1
walesrode,90,0.875032963451761,0.685714285714286,0.923076923076923
walesrode,91,0.88126785772828,0.735714285714286,1
walesrode,92,0.878711301088765,0.764285714285714,1
walesrode,93,0.873898421189582,0.8,0.705882352941176
walesrode,94,0.877667509938355,0.664285714285714,1
walesrode,95,0.875777835484697,0.728571428571429,0.727272727272727
walesrode,96,0.888331967497626,0.742857142857143,0.833333333333333
walesrode,97,0.884844449073969,0.842857142857143,0.923076923076923
walesrode,98,0.880024935695728,0.82,1
walesrode,99,0.883295894802317,0.785714285714286,0.769230769230769
walesrode,100,0.878805098381044,0.8,0.923076923076923
walesrode,101,0.881194046118228,0.75,0.923076923076923
walesrode,102,0.890179741089372,0.907142857142857,1
walesrode,103,0.872528019063876,0.878571428571428,1
walesrode,104,0.882100745550811,0.707142857142857,0.923076923076923
walesrode,105,0.87680591314544,0.678571428571429,0.833333333333333
walesrode,106,0.875938069479819,0.9,1
walesrode,107,0.874501957364807,0.75,0.923076923076923
walesrode,108,0.873275007163757,0.807142857142857,0.823529411764706
walesrode,109,0.872430290222355,0.75,1
walesrode,110,0.874531417153753,0.664285714285714,1
walesrode,111,0.866690322623067,0.728571428571429,1
walesrode,112,0.879118832032748,0.678571428571429,1
walesrode,113,0.857668971973194,0.742857142857143,1
walesrode,114,0.867546099991849,0.735714285714286,1
walesrode,115,0.882426781789975,0.764285714285714,1
walesrode,116,0.869658631742279,0.728571428571429,0.923076923076923
walesrode,117,0.869151764697445,0.792857142857143,1
walesrode,118,0.880227085389511,0.7,1
walesrode,119,0.878573253195426,0.828571428571428,0.777777777777778
walesrode,120,0.875241606259758,0.721428571428572,1
walesrode,121,0.870286444903703,0.842857142857143,0.923076923076923
walesrode,122,0.886373307064405,0.892857142857143,0.923076923076923
walesrode,123,0.878130288773236,0.735714285714286,1
walesrode,124,0.866444557323332,0.957142857142857,0.923076923076923
walesrode,125,0.874961151290146,0.775,1
walesrode,126,0.879164966283122,0.7,0.923076923076923
walesrode,127,0.87859409309774,0.692857142857143,1
walesrode,128,0.865623393477283,0.742857142857143,1
walesrode,129,0.896315915130937,0.792857142857143,1
walesrode,130,0.879441056300569,0.721428571428571,0.923076923076923
walesrode,131,0.884502376679084,0.657142857142857,1
walesrode,132,0.879002737754558,0.9,1
walesrode,133,0.88439514374509,0.821428571428571,0.923076923076923
walesrode,134,0.870802359254023,0.778571428571429,1
walesrode,135,0.887464790287736,0.907142857142857,0.923076923076923
walesrode,136,0.880985831184036,0.742857142857143,1
walesrode,137,0.90868656086819,0.707142857142857,0.823529411764706
walesrode,138,0.875325654377797,0.857142857142857,1
walesrode,139,0.882117230251468,0.75,1
walesrode,140,0.877288206143964,0.764285714285714,1
walesrode,141,0.886551154065904,0.828571428571429,0.923076923076923
walesrode,142,0.881279340485724,0.742857142857143,1
walesrode,143,0.886842086291168,0.764285714285714,1
walesrode,144,0.875668630690094,0.614285714285714,0.923076923076923
walesrode,145,0.876542121315394,0.678571428571429,1
walesrode,146,0.887247304233381,0.792857142857143,0.8
walesrode,147,0.885898556294037,0.65,0.823529411764706
walesrode,148,0.881963310238245,0.892857142857143,0.875
walesrode,149,0.897875891034249,0.628571428571428,0.833333333333333
walesrode,150,0.875097235087708,0.85,0.923076923076923
walesrode,151,0.867676693219522,0.778571428571429,0.823529411764706
walesrode,152,0.865959973913652,0.871428571428571,0.833333333333333
walesrode,153,0.887969852585748,0.628571428571428,1
wolff,0,0.872092688613299,0.807142857142857,0.923076923076923
wolff,1,0.876191297910182,0.692857142857143,0.777777777777778
wolff,2,0.8644853336297,0.721428571428571,0.823529411764706
wolff,3,0.855193334238971,0.871428571428571,1
wolff,4,0.857742527414083,0.714285714285714,0.923076923076923
wolff,5,0.879258780854039,0.8,0.705882352941176
wolff,6,0.86752687931191,0.657142857142857,1
wolff,7,0.855618644726032,0.7,1
wolff,8,0.874043403062269,0.657142857142857,0.823529411764706
wolff,9,0.871573799001251,0.792857142857143,0.923076923076923
wolff,10,0.854082027137144,0.8,0.923076923076923
wolff,11,0.881051780846067,0.664285714285714,1
wolff,12,0.879210736735995,0.757142857142857,0.923076923076923
wolff,13,0.8737653514495,0.842857142857143,0.923076923076923
wolff,14,0.875597203474671,0.764285714285714,0.923076923076923
wolff,15,0.875250264394257,0.728571428571429,0.923076923076923
wolff,16,0.880438536777953,0.707142857142857,0.923076923076923
wolff,17,0.883431281896746,0.792857142857143,0.923076923076923
wolff,18,0.873294505701542,0.742857142857143,0.833333333333333
wolff,19,0.876612986206736,0.7,1
wolff,20,0.862404903157684,0.8,0.833333333333333
wolff,21,0.880858150265933,0.857142857142857,0.923076923076923
wolff,22,0.878337120181942,0.707142857142857,1
wolff,23,0.87403718421827,0.628571428571428,1
wolff,24,0.885022096217526,0.728571428571429,1
wolff,25,0.882050957178204,0.835714285714286,0.923076923076923
wolff,26,0.880926446733906,0.764285714285714,0.923076923076923
wolff,27,0.867504975058539,0.642857142857143,1
wolff,28,0.873717796992758,0.764285714285714,0.823529411764706
wolff,29,0.873880601970395,0.664285714285714,0.777777777777778
wolff,30,0.883631947716891,0.685714285714286,1
wolff,31,0.866366358703844,0.657142857142857,1
wolff,32,0.880003877789215,0.657142857142857,0.666666666666667
wolff,33,0.888915203238361,0.685714285714286,0.923076923076923
wolff,34,0.877015196868496,0.714285714285714,0.923076923076923
wolff,35,0.883953919622204,0.75,1
wolff,36,0.87395623694703,0.678571428571429,0.777777777777778
wolff,37,0.875201853820402,0.792857142857143,0.833333333333333
wolff,38,0.878270921407365,0.828571428571429,1
wolff,39,0.864766721663973,0.828571428571429,1
wolff,40,0.872307122430687,0.8,0.923076923076923
wolff,41,0.885766609358213,0.928571428571429,0.833333333333333
wolff,42,0.874578196692847,0.764285714285714,1
wolff,43,0.864543666110551,0.814285714285714,1
wolff,44,0.874850978790089,0.628571428571428,1
wolff,45,0.869273056931685,0.7,1
wolff,46,0.875101595931837,0.728571428571428,1
wolff,47,0.876593813879716,0.678571428571429,1
wolff,48,0.873791623378741,0.678571428571429,0.777777777777778
wolff,49,0.868528999666096,0.735714285714286,1
wolff,50,0.869648672085333,0.757142857142857,0.923076923076923
wolff,51,0.870362596459053,0.728571428571429,1
wolff,52,0.879475083826344,0.957142857142857,1
wolff,53,0.869294759435625,0.635714285714286,1
wolff,54,0.865878842564271,0.807142857142857,1
wolff,55,0.867045687083285,0.65,1
wolff,56,0.87837846279239,0.764285714285714,0.833333333333333
wolff,57,0.85773632886281,0.821428571428571,0.833333333333333
wolff,58,0.864860360492022,0.814285714285714,1
wolff,59,0.870954049781969,0.707142857142857,0.777777777777778
wolff,60,0.882063915678858,0.778571428571429,0.923076923076923
wolff,61,0.870874591978145,0.678571428571429,1
wolff,62,0.867856553559018,0.757142857142857,1
wolff,63,0.872830772981875,0.735714285714286,1
wolff,64,0.871881792831948,0.65,1
wolff,65,0.86924501119824,0.664285714285714,1
wolff,66,0.879583514478171,0.807142857142857,1
wolff,67,0.88123105963584,0.714285714285714,1
wolff,68,0.872312620597307,0.642857142857143,1
wolff,69,0.860234470516218,0.714285714285714,0.833333333333333
wolff,70,0.887157681118781,0.778571428571429,1
wolff,71,0.885616419074108,0.828571428571428,1
wolff,72,0.865089680038102,0.757142857142857,1
wolff,73,0.87661604035429,0.771428571428571,1
wolff,74,0.867940570125542,0.792857142857143,0.823529411764706
wolff,75,0.887606307439071,0.692857142857143,1
wolff,76,0.874905117767086,0.721428571428571,1
wolff,77,0.885159677313824,0.692857142857143,1
wolff,78,0.891405355177213,0.828571428571428,0.923076923076923
wolff,79,0.880800301737147,0.792857142857143,1
wolff,80,0.880621666406462,0.721428571428571,0.923076923076923
wolff,81,0.866529268926042,0.635714285714286,1
wolff,82,0.875384091858102,0.7,1
wolff,83,0.873425153047589,0.814285714285714,1
wolff,84,0.866450232478558,0.742857142857143,1
wolff,85,0.886144876156501,0.735714285714286,1
wolff,86,0.854989477787986,0.728571428571428,0.923076923076923
wolff,87,0.878836425387192,0.792857142857143,1
wolff,88,0.874352635423754,0.828571428571428,1
wolff,89,0.879202451478271,0.735714285714285,1
wolff,90,0.887036656279577,0.7,0.923076923076923
wolff,91,0.876873860037157,0.692857142857143,1
wolff,92,0.882132871683959,0.75,0.823529411764706
wolff,93,0.882455182672941,0.885714285714286,1
wolff,94,0.880045109953601,0.6,0.923076923076923
wolff,95,0.876161453371187,0.65,0.923076923076923
wolff,96,0.881909903823574,0.678571428571429,1
wolff,97,0.878719603721346,0.757142857142857,0.923076923076923
wolff,98,0.870226415036527,0.76,1
wolff,99,0.863570449060048,0.7,1
wolff,100,0.868155530204493,0.814285714285714,0.923076923076923
wolff,101,0.863097104139334,0.742857142857143,0.823529411764706
wolff,102,0.88317266232071,0.828571428571428,1
wolff,103,0.868860737167114,0.807142857142857,0.923076923076923
wolff,104,0.873805416231727,0.685714285714286,0.923076923076923
wolff,105,0.880760245753517,0.7,1
wolff,106,0.870159142784866,0.8,0.923076923076923
wolff,107,0.876493638712993,0.792857142857143,1
wolff,108,0.867921281242503,0.864285714285714,1
wolff,109,0.8696547421666,0.814285714285714,0.875
wolff,110,0.882148506595043,0.778571428571429,1
wolff,111,0.867980364507954,0.7,1
wolff,112,0.871812206551577,0.742857142857143,0.923076923076923
wolff,113,0.873974327744238,0.821428571428571,1
wolff,114,0.872045970789267,0.785714285714286,1
wolff,115,0.873969971266608,0.707142857142857,1
wolff,116,0.88489070139097,0.771428571428571,1
wolff,117,0.86206107295579,0.7,1
wolff,118,0.860423753164578,0.75,0.923076923076923
wolff,119,0.871892481862881,0.821428571428571,1
wolff,120,0.872377760825179,0.892857142857143,1
wolff,121,0.868424370908807,0.685714285714286,0.857142857142857
wolff,122,0.87663907480251,0.8,0.75
wolff,123,0.869963516028582,0.685714285714286,1
wolff,124,0.866763326154908,0.707142857142857,0.923076923076923
wolff,125,0.861220518301587,0.725,1
wolff,126,0.881243057020182,0.742857142857143,0.833333333333333
wolff,127,0.86278783331515,0.735714285714286,0.923076923076923
wolff,128,0.860489995828607,0.75,1
wolff,129,0.899115466126991,0.728571428571429,1
wolff,130,0.880506630149143,0.714285714285714,1
wolff,131,0.874510224247512,0.6,0.923076923076923
wolff,132,0.875368685645704,0.878571428571428,1
wolff,133,0.878586317585789,0.864285714285714,0.777777777777778
wolff,134,0.865404634522233,1.59230769230769,0.5
wolff,135,0.876148916198671,0.821428571428571,0.833333333333333
wolff,136,0.873092077424484,0.728571428571429,0.923076923076923
wolff,137,0.900300170200878,0.692857142857143,0.666666666666667
wolff,138,0.871263445398338,0.9,1
wolff,139,0.869299400717254,0.8,1
wolff,140,0.885609353187398,0.757142857142857,1
wolff,141,0.876842286358434,0.85,1
wolff,142,0.874247851808427,0.785714285714286,1
wolff,143,0.880246643501744,0.714285714285714,1
wolff,144,0.873105663539115,0.714285714285714,0.923076923076923
wolff,145,0.881330291936771,0.7,0.923076923076923
wolff,146,0.870499821895822,0.764285714285714,0.533333333333333
wolff,147,0.865487421645538,0.707142857142857,1
wolff,148,0.867066054664404,0.8,0.666666666666667
wolff,149,0.891384075344285,0.757142857142857,0.833333333333333
wolff,150,0.86691025677853,0.857142857142857,0.833333333333333
wolff,151,0.887854884679017,0.7,1
wolff,152,0.854695793317032,0.735714285714286,1
wolff,153,0.879622005309904,0.671428571428571,0.875
regis,0,0.893376240879375,0.785714285714286,1
regis,1,0.866852000579021,0.871428571428571,0.833333333333333
regis,2,0.867280718200926,0.807142857142857,1
regis,3,0.882643792874241,0.828571428571428,1
regis,4,0.878795341483268,0.792857142857143,0.923076923076923
regis,5,0.873287984722207,0.878571428571428,1
regis,6,0.866669024897954,0.75,0.777777777777778
regis,7,0.87252884623733,0.75,0.923076923076923
regis,8,0.886071227981977,0.85,0.428571428571429
regis,9,0.883997686090326,0.828571428571428,1
regis,10,0.87230822147638,0.985714285714285,0.833333333333333
regis,11,0.885438388284885,0.75,1
regis,12,0.872379528097315,0.871428571428571,1
regis,13,0.872062371500152,0.864285714285714,0.923076923076923
regis,14,0.88448285614241,0.828571428571428,0.833333333333333
regis,15,0.881849252304188,1.45714285714286,1
regis,16,0.881810189460817,1.27857142857143,0.833333333333333
regis,17,0.891658165419998,0.942857142857143,0.923076923076923
regis,18,0.8835963382786,1.3,1
regis,19,0.880602771817306,0.992857142857143,0.923076923076923
regis,20,0.86590065573341,0.985714285714286,0.833333333333333
regis,21,0.89556013766597,1,0.769230769230769
regis,22,0.898688793553655,1.13571428571429,1
regis,23,0.877834870544049,1.07857142857143,0.923076923076923
regis,24,0.88868766292134,0.75,1
regis,25,0.882104826399754,1.04285714285714,1
regis,26,0.873268324304001,0.942857142857143,0.875
regis,27,0.883360128931281,0.935714285714286,0.833333333333333
regis,28,0.871046367286224,0.807142857142857,0.823529411764706
regis,29,0.881473350903763,0.892857142857143,1
regis,30,0.889955997224805,0.928571428571429,1
regis,31,0.873908460774471,1.19285714285714,1
regis,32,0.888170338357575,0.878571428571428,0.833333333333333
regis,33,0.897369343842563,0.921428571428571,0.923076923076923
regis,34,0.878516198471479,1.19285714285714,0.727272727272727
regis,35,0.893964917150398,0.835714285714286,1
regis,36,0.892032020229425,1.02142857142857,1
regis,37,0.88028172379042,0.792857142857143,0.833333333333333
regis,38,0.895533782918666,1.10714285714286,0.833333333333333
regis,39,0.877483127294744,1.05714285714286,1
regis,40,0.886273405580152,0.978571428571428,0.923076923076923
regis,41,0.901694837563457,1.12857142857143,0.923076923076923
regis,42,0.888763468909742,0.985714285714285,0.875
regis,43,0.87818530416514,1,0.823529411764706
regis,44,0.890150154130494,1.1,1
regis,45,0.862173797686267,0.957142857142857,0.823529411764706
regis,46,0.884139715421346,0.842857142857143,1
regis,47,0.884300971875286,1.17857142857143,1
regis,48,0.881858015423267,1.08571428571429,0.777777777777778
regis,49,0.887667396013734,1.07142857142857,0.833333333333333
regis,50,0.887467958565845,0.95,1
regis,51,0.872774648899827,0.928571428571428,1
regis,52,0.88583821057612,0.821428571428571,1
regis,53,0.874111546916268,0.857142857142857,0.833333333333333
regis,54,0.881175369040694,0.892857142857143,0.833333333333333
regis,55,0.877565188135902,0.814285714285714,1
regis,56,0.869049341308449,1.24285714285714,0.923076923076923
regis,57,0.873438802563201,1.10714285714286,0.923076923076923
regis,58,0.876283956944367,0.814285714285714,0.833333333333333
regis,59,0.879651417141416,0.792857142857143,0.923076923076923
regis,60,0.89721608786632,0.95,0.833333333333333
regis,61,0.886155477700758,0.7,1
regis,62,0.883592406329936,0.7,0.923076923076923
regis,63,0.873277483758359,0.871428571428572,1
regis,64,0.894321722257425,0.75,1
regis,65,0.874360424286764,0.714285714285714,1
regis,66,0.880940426807872,1.55714285714286,0.923076923076923
regis,67,0.876459429394315,0.971428571428571,1
regis,68,0.871487755756576,0.764285714285714,0.833333333333333
regis,69,0.873616525977656,0.835714285714286,0.923076923076923
regis,70,0.897475401872871,0.814285714285714,0.923076923076923
regis,71,0.872492028950336,0.8,1
regis,72,0.878787032393329,0.935714285714286,0.923076923076923
regis,73,0.886805996389346,0.742857142857143,1
regis,74,0.869203662588773,1.25,1
regis,75,0.891268253155533,0.657142857142857,0.923076923076923
regis,76,0.879421141999886,0.935714285714286,0.833333333333333
regis,77,0.883470027570879,0.728571428571429,1
regis,78,0.889028251496704,0.8,0.923076923076923
regis,79,0.881584540851175,0.764285714285714,0.823529411764706
regis,80,0.894180086746979,1,0.833333333333333
regis,81,0.857236075671043,0.65,0.923076923076923
regis,82,0.884370275438134,0.842857142857143,0.727272727272727
regis,83,0.872365931163255,0.871428571428571,0.833333333333333
regis,84,0.863400465642235,1.14285714285714,1
regis,85,0.896043495653532,1.17142857142857,0.923076923076923
regis,86,0.876251211180847,0.742857142857143,0.727272727272727
regis,87,0.884798638392142,0.857142857142857,0.727272727272727
regis,88,0.878583877337338,0.735714285714286,0.727272727272727
regis,89,0.886584160385968,0.9,0.6
regis,90,0.880756746081183,0.764285714285714,0.833333333333333
regis,91,0.897215972744148,0.685714285714286,0.833333333333333
regis,92,0.88411904276552,0.764285714285714,0.923076923076923
regis,93,0.878020818285173,1.03571428571429,0.833333333333333
regis,94,0.888756492547888,0.714285714285714,0.833333333333333
regis,95,0.896026920644699,0.628571428571428,0.923076923076923
regis,96,0.883586690621297,0.771428571428571,0.833333333333333
regis,97,0.871245214704113,0.764285714285714,0.923076923076923
regis,98,0.87762007016031,0.726666666666667,0.875
regis,99,0.887548343352903,0.9,0.923076923076923
regis,100,0.890632112427533,1.1,0.833333333333333
regis,101,0.901442655718703,0.814285714285714,0.705882352941176
regis,102,0.897108413128954,0.842857142857143,0.727272727272727
regis,103,0.870734584507735,1,1
regis,104,0.880185247152888,0.685714285714286,1
regis,105,0.885411378669464,0.864285714285714,0.923076923076923
regis,106,0.890633919162574,0.971428571428571,1
regis,107,0.882764788777205,0.828571428571428,0.923076923076923
regis,108,0.875817581415243,0.771428571428571,1
regis,109,0.874331355592641,0.785714285714286,0.923076923076923
regis,110,0.877716500663597,0.864285714285714,0.923076923076923
regis,111,0.869421543413216,0.914285714285714,0.727272727272727
regis,112,0.892886437851167,0.885714285714286,0.923076923076923
regis,113,0.867116183697248,0.671428571428571,0.923076923076923
regis,114,0.875065853041336,0.992857142857143,0.714285714285714
regis,115,0.882521738843303,0.85,0.923076923076923
regis,116,0.885894870938966,1.04285714285714,1
regis,117,0.867671781699947,0.878571428571428,0.833333333333333
regis,118,0.869331503595527,0.721428571428571,1
regis,119,0.881297101137541,0.992857142857143,1
regis,120,0.878702695657387,0.728571428571429,1
regis,121,0.877423010741504,0.7,0.923076923076923
regis,122,0.895204674545709,1,0.625
regis,123,0.869524451497077,0.928571428571428,0.833333333333333
regis,124,0.861495806689752,0.857142857142857,0.777777777777778
regis,125,0.877831875566944,0.716666666666667,0.8
regis,126,0.877560365649463,0.935714285714286,0.714285714285714
regis,127,0.868044140645657,0.657142857142857,0.777777777777778
regis,128,0.874030576301861,0.7,0.923076923076923
regis,129,0.90707298188823,0.721428571428571,0.615384615384615
regis,130,0.884501451943428,0.814285714285714,0.923076923076923
regis,131,0.881071815955298,0.871428571428571,0.923076923076923
regis,132,0.89806748946112,1.17857142857143,1
regis,133,0.885550668115208,0.892857142857143,1
regis,134,0.871311190560143,1.51428571428571,0.625
regis,135,0.879429227370073,1.40714285714286,1
regis,136,0.885479374434004,0.757142857142857,0.923076923076923
regis,137,0.901710223550249,0.878571428571429,0.923076923076923
regis,138,0.875288544304729,0.864285714285714,0.833333333333333
regis,139,0.883353834558893,0.728571428571429,1
regis,140,0.871448843672811,0.814285714285714,0.857142857142857
regis,141,0.879621958939673,0.942857142857143,0.75
regis,142,0.883960101413844,0.864285714285714,1
regis,143,0.888474357535464,1.23571428571429,1
regis,144,0.887767724384075,0.635714285714286,0.5
regis,145,0.902570036052036,0.757142857142857,1
regis,146,0.875944671859592,0.735714285714286,0.923076923076923
regis,147,0.89149585255504,0.678571428571429,0.923076923076923
regis,148,0.882023427252002,1.02142857142857,0.923076923076923
regis,149,0.894802807291394,0.95,0.923076923076923
regis,150,0.875473024168426,1.09285714285714,0.923076923076923
regis,151,0.870724364247383,1.10714285714286,0.923076923076923
regis,152,0.872510430307047,0.928571428571429,0.923076923076923
regis,153,0.886669194560441,0.914285714285714,0.923076923076923
deepl,0,0.917172255903096,2.25,0
deepl,1,0.94251329262249,3.25,0
deepl,2,0.932271425391127,2.43571428571429,0
deepl,3,0.918373286787826,2.17142857142857,0.25
deepl,4,0.924821736599556,2.42857142857143,0
deepl,5,0.933655570740972,2.65714285714286,0
deepl,6,0.903106909754743,2.77857142857143,0.25
deepl,7,0.927680863982411,2.69285714285714,0
deepl,8,0.936786502982897,3.19285714285714,0
deepl,9,0.927257763920161,2.72857142857143,0
deepl,10,0.92886113590702,2.90714285714286,0
deepl,11,0.922290024909494,2.20714285714286,0
deepl,12,0.931393817369228,2.56428571428571,0
deepl,13,0.943242680777101,2.61428571428571,0
deepl,14,0.932163427587772,3.02142857142857,0
deepl,15,0.947886247558611,3.3,0
deepl,16,0.947732027631839,3.82857142857143,0
deepl,17,0.94668442575942,2.51428571428571,0
deepl,18,0.951671450375327,3.85,0
deepl,19,0.939908954216322,2.67857142857143,0
deepl,20,0.931539686596251,3.13571428571429,0
deepl,21,0.92033598434758,2.32142857142857,0
deepl,22,0.951079824816667,3.27857142857143,0
deepl,23,0.934810197270131,2.52142857142857,0
deepl,24,0.93773256725284,2.85714285714286,0
deepl,25,0.929038854649537,2.78571428571429,0
deepl,26,0.93445800348002,3.22142857142857,0
deepl,27,0.928029765003989,2.95,0
deepl,28,0.931508487017662,3.57142857142857,0
deepl,29,0.932647618682598,3.80714285714286,0
deepl,30,0.941425011929676,2.76428571428571,0
deepl,31,0.935061433361275,3.67142857142857,0
deepl,32,0.936085576058605,2.92142857142857,0
deepl,33,0.937708200780976,2.85714285714286,0
deepl,34,0.930475675227913,2.75714285714286,0
deepl,35,0.949766522004164,2.53571428571429,0
deepl,36,0.940046491601318,2.64285714285714,0.25
deepl,37,0.942354574603754,2.28571428571429,0
deepl,38,0.938385819178034,2.84285714285714,0.25
deepl,39,0.942071787412475,3.52857142857143,0
deepl,40,0.94031126710627,2.39285714285714,0
deepl,41,0.944259747304134,2.95,0
deepl,42,0.947323775825711,2.65,0
deepl,43,0.939448721602809,2.67142857142857,0
deepl,44,0.950397900904514,2.43571428571429,0
deepl,45,0.924529896744341,3.07857142857143,0
deepl,46,0.938400647962124,2.22857142857143,0
deepl,47,0.925877307730374,2.90714285714286,0
deepl,48,0.928001245596974,2.38571428571429,0
deepl,49,0.931293641026944,2.55,0
deepl,50,0.938574405113372,3.30714285714286,0
deepl,51,0.930374442506544,3.05714285714286,0
deepl,52,0.949480009058808,2.07857142857143,0
deepl,53,0.928726663811394,2.65,0
deepl,54,0.936877542788001,2.32142857142857,0
deepl,55,0.933760154010128,2.68571428571429,0
deepl,56,0.948551112841627,3.12142857142857,0
deepl,57,0.929011521779504,2.92857142857143,0
deepl,58,0.928803995743144,2.10714285714286,0
deepl,59,0.930709307059651,2,0
deepl,60,0.947122304588798,2.19285714285714,0
deepl,61,0.931547104396734,2.67857142857143,0
deepl,62,0.94190316891925,2.92857142857143,0
deepl,63,0.928325126574575,3.41428571428571,0
deepl,64,0.950914963493008,3.05,0
deepl,65,0.909034535231778,2.45714285714286,0
deepl,66,0.947469604196397,3.22857142857143,0
deepl,67,0.947231390213232,2.93571428571429,0
deepl,68,0.93645093295775,3.24285714285714,0
deepl,69,0.928105774563264,3.18571428571429,0
deepl,70,0.94308280094357,2.39285714285714,0
deepl,71,0.95096652276586,2.73571428571429,0
deepl,72,0.924433614700492,2.35,0
deepl,73,0.938373981062506,2.31428571428571,0
deepl,74,0.931887258438597,2.54285714285714,0
deepl,75,0.960407719423126,2.45,0
deepl,76,0.944700363217184,2.98571428571429,0
deepl,77,0.944955191996354,2.49285714285714,0
deepl,78,0.949251612611803,1.78571428571429,0
deepl,79,0.925157145978964,3.14285714285714,0
deepl,80,0.939786149934101,3.32142857142857,0
deepl,81,0.917274019961418,3.08571428571429,0
deepl,82,0.948638070803618,2.48571428571429,0
deepl,83,0.931252682726146,2.58571428571429,0
deepl,84,0.926032312175623,3.52857142857143,0
deepl,85,0.94183517302066,2.50714285714286,0
deepl,86,0.93387544424952,2.18571428571429,0
deepl,87,0.934658596147906,2.59285714285714,0
deepl,88,0.949031847717524,2.82142857142857,0
deepl,89,0.92245735841774,2.73571428571429,0
deepl,90,0.943146813371216,3.71428571428571,0
deepl,91,0.934071275067718,2.26428571428571,0
deepl,92,0.93935468447294,2.97857142857143,0
deepl,93,0.954265761108536,2.36428571428571,0
deepl,94,0.941062944070362,2.18571428571429,0
deepl,95,0.937933244434038,3.04285714285714,0
deepl,96,0.937904947842303,2.36428571428571,0
deepl,97,0.933084510804913,2.35,0
deepl,98,0.949477957724043,2.62,0
deepl,99,0.937218286200515,3.42857142857143,0
deepl,100,0.936487804963839,3.22142857142857,0
deepl,101,0.944088100509277,3.61428571428571,0.222222222222222
deepl,102,0.94789443219792,2.22142857142857,0
deepl,103,0.918674563235217,4.18571428571429,0
deepl,104,0.934934401816726,2.62142857142857,0
deepl,105,0.944496786286211,2.29285714285714,0
deepl,106,0.94545393178968,3.41428571428571,0
deepl,107,0.945256026939954,3.00714285714286,0
deepl,108,0.942279327595377,2.65,0
deepl,109,0.941815519457974,3.53571428571429,0
deepl,110,0.945638867674436,3.03571428571429,0
deepl,111,0.931295754123833,2.57142857142857,0
deepl,112,0.943452838762322,2.95714285714286,0
deepl,113,0.924249099263029,3.15714285714286,0
deepl,114,0.92817999768118,3.26428571428571,0.25
deepl,115,0.948769003961176,2.96428571428571,0
deepl,116,0.941654988807808,3.28571428571429,0
deepl,117,0.92414616191677,3.32142857142857,0
deepl,118,0.939175666673008,3.40714285714286,0
deepl,119,0.941407893751149,3.44285714285714,0
deepl,120,0.938805151260147,3.8,0
deepl,121,0.933707810286755,2.31428571428571,0
deepl,122,0.950655626122116,3.27142857142857,0
deepl,123,0.939278661292394,2.51428571428571,0
deepl,124,0.923696723159759,3.77857142857143,0
deepl,125,0.932097841467199,3.175,0
deepl,126,0.932232943644947,3.32142857142857,0
deepl,127,0.934676581031228,2.85714285714286,0
deepl,128,0.943806730041558,3.20714285714286,0
deepl,129,0.958705605097368,2.96428571428571,0
deepl,130,0.932513354134579,2.44285714285714,0
deepl,131,0.936367637929738,2.72142857142857,0
deepl,132,0.939833390111508,2.62857142857143,0
deepl,133,0.93706659264642,1.97142857142857,0
deepl,134,0.939362302405459,2.85,0
deepl,135,0.951059644682574,2.79285714285714,0
deepl,136,0.943233962701479,3.30714285714286,0
deepl,137,0.94244932146973,2.97142857142857,0
deepl,138,0.953650203211487,3.32142857142857,0
deepl,139,0.951374028026124,2.97142857142857,0
deepl,140,0.933195388540123,3.13571428571429,0
deepl,141,0.931143564468277,3.02142857142857,0
deepl,142,0.931692320947538,2.92857142857143,0
deepl,143,0.938603837302912,2.63571428571429,0
deepl,144,0.923383054239661,2.3,0
deepl,145,0.939706285931911,3.27857142857143,0
deepl,146,0.935476057953954,2.94285714285714,0.222222222222222
deepl,147,0.93625081630167,2.82142857142857,0
deepl,148,0.940794106338703,2.03571428571429,0
deepl,149,0.941628115507098,2.39285714285714,0
deepl,150,0.940643342078316,3.72142857142857,0
deepl,151,0.943043035395884,4.35,0
deepl,152,0.938456994915771,2.89285714285714,0
deepl,153,0.939656444161077,2.92142857142857,0
