translator,no,bertscore,metricalDistanceAdjusted
iambic_pentameter_b,0,0.855281386003481,1.1969696969697
iambic_pentameter_b,1,0.882498198635471,2.01136363636364
iambic_pentameter_b,2,0.862698655938095,1.29220779220779
iambic_pentameter_b,3,0.911232747604131,1.02272727272727
iambic_pentameter_b,4,0.872980197141978,0.948051948051948
iambic_pentameter_b,5,0.858500787958334,0.709090909090909
iambic_pentameter_b,6,0.899045532653723,1.24242424242424
iambic_pentameter_b,7,0.885147464803364,0.675324675324675
iambic_pentameter_b,8,0.876673336221287,0.875
iambic_pentameter_b,9,0.88902224607027,1.63636363636364
iambic_pentameter_b,10,0.901730223852285,1.95454545454545
iambic_pentameter_b,11,0.892293011847379,1.72727272727273
iambic_pentameter_b,12,0.905096995793726,1.33766233766234
iambic_pentameter_b,13,0.929897891788418,1.34090909090909
iambic_pentameter_b,14,0.886241661582358,1.22727272727273
iambic_pentameter_b,15,0.884215431402964,1.27272727272727
iambic_pentameter_b,16,0.880224214842686,0.704545454545454
iambic_pentameter_b,17,0.89833301865031,1.31818181818182
iambic_pentameter_b,18,0.883310781907801,1.40909090909091
iambic_pentameter_b,19,0.862922251270612,0.75
iambic_pentameter_b,20,0.870477822736418,1.13636363636364
iambic_pentameter_b,21,0.909029361340926,0.886363636363636
iambic_pentameter_b,22,0.910540100471429,0.727272727272727
iambic_pentameter_b,23,0.907535371629768,1.59090909090909
iambic_pentameter_b,24,0.885078944966955,1.11363636363636
iambic_pentameter_b,25,0.914493940366701,1.83333333333333
iambic_pentameter_b,26,0.897559108150674,1.54545454545455
iambic_pentameter_b,27,0.924816579324578,1.33181818181818
iambic_pentameter_b,28,0.899311488361796,2.18181818181818
iambic_pentameter_b,29,0.88215854821087,1.51136363636364
iambic_pentameter_b,30,0.920809854869596,1.95454545454545
iambic_pentameter_b,31,0.920414144686968,2.45454545454545
iambic_pentameter_b,32,0.871432402907502,1.33522727272727
iambic_pentameter_b,33,0.884035256473413,0.681818181818182
iambic_pentameter_b,34,0.892609104928856,1.72727272727273
iambic_pentameter_b,35,0.873030248785688,0.805194805194805
iambic_pentameter_b,36,0.884180245652184,1.28571428571429
iambic_pentameter_b,37,0.899376596866355,0.75
iambic_pentameter_b,38,0.879786347416583,0.844155844155844
iambic_pentameter_b,39,0.886624300203511,1.20454545454545
iambic_pentameter_b,40,0.876052213484228,0.954545454545454
iambic_pentameter_b,41,0.885107691517306,1
iambic_pentameter_b,42,0.888297900301029,1.05681818181818
iambic_pentameter_b,43,0.883694270230222,1.5974025974026
iambic_pentameter_b,44,0.942110251085039,3.05194805194805
iambic_pentameter_b,45,0.900219990918574,1.06060606060606
iambic_pentameter_b,46,0.889312100770923,1.27272727272727
iambic_pentameter_b,47,0.888924704412311,0.720779220779221
iambic_pentameter_b,48,0.879290954587156,1.11038961038961
iambic_pentameter_b,49,0.876909367920538,0.954545454545454
iambic_pentameter_b,50,0.92225058016598,1.12121212121212
iambic_pentameter_b,51,0.886879413778906,1.59090909090909
iambic_pentameter_b,52,0.894946034607391,1.01298701298701
iambic_pentameter_b,53,0.880293014774258,0.647727272727273
iambic_pentameter_b,54,0.907587815695701,1.71428571428571
iambic_pentameter_b,55,0.905239169840744,0.844155844155844
iambic_pentameter_b,56,0.896796666049951,1.38383838383838
iambic_pentameter_b,57,0.886102781241715,0.883116883116883
iambic_pentameter_b,58,0.884493005983519,0.931818181818182
iambic_pentameter_b,59,0.905822465946464,1.41558441558442
iambic_pentameter_b,60,0.90016738341117,0.766233766233766
iambic_pentameter_b,61,0.859971391617889,0.722222222222222
iambic_pentameter_b,62,0.8737484473303,0.974025974025974
iambic_pentameter_b,63,0.879563515471415,1.87012987012987
iambic_pentameter_b,64,0.847774754301941,0.883116883116883
iambic_pentameter_b,65,0.856912732654589,1.05844155844156
iambic_pentameter_b,66,0,None
iambic_pentameter_b,67,0.850652590936032,0.898989898989899
iambic_pentameter_b,68,0.877271474938656,2.32424242424242
iambic_pentameter_b,69,0.867226831878023,0.784090909090909
iambic_pentameter_b,70,0.872961344078223,1.55681818181818
iambic_pentameter_b,71,0.877426206133535,1.09090909090909
iambic_pentameter_b,72,0.87870724282506,0.863636363636363
iambic_pentameter_b,73,0.874140375093483,0.857142857142857
iambic_pentameter_b,74,0.895181624808272,0.798701298701299
iambic_pentameter_b,75,0.895809371032985,1.05194805194805
iambic_pentameter_b,76,0.901486004216508,1.31818181818182
iambic_pentameter_b,77,0.854397800257412,1.25974025974026
iambic_pentameter_b,78,0.88102950594468,1.87012987012987
iambic_pentameter_b,79,0.90268238050889,1.30519480519481
iambic_pentameter_b,80,0.893434285192548,1.48051948051948
iambic_pentameter_b,81,0.871690001302481,0.935064935064935
iambic_pentameter_b,82,0,None
iambic_pentameter_b,83,0.871765142963771,2.3961038961039
iambic_pentameter_b,84,0.879805305902242,1.56493506493506
iambic_pentameter_b,85,0.908027601079021,1.66233766233766
iambic_pentameter_b,86,0.896573232045491,1.96753246753247
iambic_pentameter_b,87,0.881126616761214,1.38181818181818
iambic_pentameter_b,88,0.882353681218052,1.5
iambic_pentameter_b,89,0.894000296456695,1.04545454545455
iambic_pentameter_b,90,0.872145691440008,5.89545454545454
iambic_pentameter_b,91,0.881979945646351,0.772727272727273
iambic_pentameter_b,92,0.870191455441476,1.48484848484848
iambic_pentameter_b,93,0.864261252506814,2.24545454545455
iambic_pentameter_b,94,0.882689535764112,1.52727272727273
iambic_pentameter_b,95,0.894864840891513,2.10606060606061
iambic_pentameter_b,96,0.881778213189114,2.67045454545455
iambic_pentameter_b,97,0.908100069248012,1.97727272727273
iambic_pentameter_b,98,0.864683105449105,1.71212121212121
iambic_pentameter_b,99,0.88453580161804,1.40909090909091
iambic_pentameter_d,0,0.852628389273662,0.964646464646465
iambic_pentameter_d,1,0.861962070302231,1.38636363636364
iambic_pentameter_d,2,0.857930162912921,1.77922077922078
iambic_pentameter_d,3,0.888183592530303,0.931818181818182
iambic_pentameter_d,4,0.865198860027733,0.824675324675325
iambic_pentameter_d,5,0.856300715102693,0.636363636363636
iambic_pentameter_d,6,0.903127018236856,1.66666666666667
iambic_pentameter_d,7,0.870335901854567,0.779220779220779
iambic_pentameter_d,8,0.877241848865791,1.10227272727273
iambic_pentameter_d,9,0.886286340963585,1.63636363636364
iambic_pentameter_d,10,0.897068928472766,1
iambic_pentameter_d,11,0.886069277717182,1.54545454545455
iambic_pentameter_d,12,0.895897625677301,1.50649350649351
iambic_pentameter_d,13,0.876730460973333,0.931818181818182
iambic_pentameter_d,14,0.898522783971774,0.840909090909091
iambic_pentameter_d,15,0.896127317104133,1.18181818181818
iambic_pentameter_d,16,0.888400022387416,0.681818181818182
iambic_pentameter_d,17,0.903434943453231,1.40909090909091
iambic_pentameter_d,18,0.891001410350177,1.47727272727273
iambic_pentameter_d,19,0.856808129484925,0.840909090909091
iambic_pentameter_d,20,0.882926633299235,1.40909090909091
iambic_pentameter_d,21,0.910539739434004,1.04545454545455
iambic_pentameter_d,22,0.886193384739409,0.75
iambic_pentameter_d,23,0.893608864401668,0.727272727272727
iambic_pentameter_d,24,0.884768891937375,0.863636363636364
iambic_pentameter_d,25,0.882697111445025,0.681818181818182
iambic_pentameter_d,26,0.889672869733067,1.61688311688312
iambic_pentameter_d,27,0.909062942947114,1.06363636363636
iambic_pentameter_d,28,0.867537285767758,1.625
iambic_pentameter_d,29,0.875802477012637,0.943181818181818
iambic_pentameter_d,30,0.866199035784186,0.727272727272727
iambic_pentameter_d,31,0.90992661700412,2.75757575757576
iambic_pentameter_d,32,0.881197584585628,0.795454545454545
iambic_pentameter_d,33,0.893346617162945,0.666666666666667
iambic_pentameter_d,34,0.882560277074394,1.12987012987013
iambic_pentameter_d,35,0.866104498688228,0.590909090909091
iambic_pentameter_d,36,0.865969031529047,0.733766233766234
iambic_pentameter_d,37,0.885880992955078,0.681818181818182
iambic_pentameter_d,38,0.870791506571269,0.824675324675325
iambic_pentameter_d,39,0.882179153989649,1.09090909090909
iambic_pentameter_d,40,0.861546574337244,0.545454545454545
iambic_pentameter_d,41,0.870659354566225,1.84090909090909
iambic_pentameter_d,42,0.876985558874172,0.795454545454545
iambic_pentameter_d,43,0.860661926202897,0.707792207792208
iambic_pentameter_d,44,0.877921064197222,1.05844155844156
iambic_pentameter_d,45,0.890194936263205,1.27272727272727
iambic_pentameter_d,46,0.89196197710796,1.56818181818182
iambic_pentameter_d,47,0.894946315869724,0.681818181818182
iambic_pentameter_d,48,0.857547602874402,1.08441558441558
iambic_pentameter_d,49,0.876313822779616,0.892045454545454
iambic_pentameter_d,50,0.909089937778498,1.0530303030303
iambic_pentameter_d,51,0.884012988489257,1.09090909090909
iambic_pentameter_d,52,0.876824979632576,1.19480519480519
iambic_pentameter_d,53,0.882220650242843,0.75
iambic_pentameter_d,54,0.865991184949051,0.837662337662338
iambic_pentameter_d,55,0.891251741246748,0.681818181818182
iambic_pentameter_d,56,0.891974131345973,1.72727272727273
iambic_pentameter_d,57,0.872227162653319,0.668831168831169
iambic_pentameter_d,58,0.91534732971948,2.35227272727273
iambic_pentameter_d,59,0.86857201333674,1.42207792207792
iambic_pentameter_d,60,0.909139610857398,0.85064935064935
iambic_pentameter_d,61,0.847645647485399,1.09646464646465
iambic_pentameter_d,62,0.855503820594712,0.694805194805195
iambic_pentameter_d,63,0.856982751248458,1.13636363636364
iambic_pentameter_d,64,0.832375741016289,1.51328671328671
iambic_pentameter_d,65,0.851705221736521,0.785714285714285
iambic_pentameter_d,66,0.869861402745186,1.07142857142857
iambic_pentameter_d,67,0.866077873199605,0.762626262626262
iambic_pentameter_d,68,0.855796851588919,2.51515151515152
iambic_pentameter_d,69,0.852621278332729,0.863636363636364
iambic_pentameter_d,70,0.863347493579759,1.28977272727273
iambic_pentameter_d,71,0.873646822526867,0.779220779220779
iambic_pentameter_d,72,0.859463226365329,0.837662337662337
iambic_pentameter_d,73,0.875236317767523,0.766233766233766
iambic_pentameter_d,74,0.87393566433349,1.61118881118881
iambic_pentameter_d,75,0.875613558083485,0.987012987012987
iambic_pentameter_d,76,0.887412606914773,1.53246753246753
iambic_pentameter_d,77,0.860767720946508,0.967532467532468
iambic_pentameter_d,78,0.874694685254203,1.04545454545455
iambic_pentameter_d,79,0.890997763053762,0.701298701298701
iambic_pentameter_d,80,0.862697076498515,2.3034965034965
iambic_pentameter_d,81,0.856688277314465,0.720779220779221
iambic_pentameter_d,82,0.891012877507708,1.47402597402597
iambic_pentameter_d,83,0.873302499081577,1.14935064935065
iambic_pentameter_d,84,0.868062427736742,1.19480519480519
iambic_pentameter_d,85,0.879405481599657,1.26623376623377
iambic_pentameter_d,86,0.859838218568828,0.688311688311688
iambic_pentameter_d,87,0.857759305118281,1.23636363636364
iambic_pentameter_d,88,0.885232216852086,1.79090909090909
iambic_pentameter_d,89,0.875814879493103,1.42424242424242
iambic_pentameter_d,90,0.874574051888034,0.613636363636364
iambic_pentameter_d,91,0.884472414792953,0.954545454545455
iambic_pentameter_d,92,0.869989741768291,1.06060606060606
iambic_pentameter_d,93,0.885467901166204,1.04545454545455
iambic_pentameter_d,94,0.866815345260007,0.936363636363636
iambic_pentameter_d,95,0.888862301197799,1.84848484848485
iambic_pentameter_d,96,0.861776651460198,1.68181818181818
iambic_pentameter_d,97,0.865606445151749,0.852272727272727
iambic_pentameter_d,98,0.858922773670925,0.772727272727273
iambic_pentameter_d,99,0.865271143123745,1.54545454545455
iambic_pentameter_g,0,0.866595611480006,1.47474747474747
iambic_pentameter_g,1,0.845886386738967,0.863636363636364
iambic_pentameter_g,2,0.85963438470303,1.64935064935065
iambic_pentameter_g,3,0.908046510665831,1.31818181818182
iambic_pentameter_g,4,0.871690909741348,0.837662337662337
iambic_pentameter_g,5,0.862026363114273,0.581818181818182
iambic_pentameter_g,6,0.897519640710575,0.818181818181818
iambic_pentameter_g,7,0.862870030016207,1.49230769230769
iambic_pentameter_g,8,0.869482505119413,0.795454545454545
iambic_pentameter_g,9,0.892526769209895,1.45454545454545
iambic_pentameter_g,10,0.901747252882227,1.27272727272727
iambic_pentameter_g,11,0.868729930455867,1.04545454545455
iambic_pentameter_g,12,0.869231320498365,1.94805194805195
iambic_pentameter_g,13,0.931278009573799,2.09090909090909
iambic_pentameter_g,14,0.880040588272586,0.818181818181818
iambic_pentameter_g,15,0.892248017006862,1.27272727272727
iambic_pentameter_g,16,0.880774099840687,0.727272727272727
iambic_pentameter_g,17,0.906804481771369,1.06818181818182
iambic_pentameter_g,18,0.896257844102177,1.31818181818182
iambic_pentameter_g,19,0.903381852960539,0.954545454545454
iambic_pentameter_g,20,0.861254069675997,1.81818181818182
iambic_pentameter_g,21,0.911420409721978,1.02272727272727
iambic_pentameter_g,22,0.889735576570004,2.18181818181818
iambic_pentameter_g,23,0.885554339191157,0.954545454545454
iambic_pentameter_g,24,0.887177035335084,1.15909090909091
iambic_pentameter_g,25,0.880735951755201,0.704545454545454
iambic_pentameter_g,26,0.872167791648384,0.922077922077922
iambic_pentameter_g,27,0.90042827546616,0.731818181818182
iambic_pentameter_g,28,0.885182996939598,1.77272727272727
iambic_pentameter_g,29,0.866708894081724,0.806818181818182
iambic_pentameter_g,30,0.872286319998757,0.878787878787879
iambic_pentameter_g,31,0.896541457654706,2
iambic_pentameter_g,32,0.862246293720755,0.630681818181818
iambic_pentameter_g,33,0.899339086641101,0.772727272727273
iambic_pentameter_g,34,0.866013588472407,0.805194805194805
iambic_pentameter_g,35,0.871526452812925,0.733766233766233
iambic_pentameter_g,36,0.866004217910068,1.62987012987013
iambic_pentameter_g,37,0.886869569480163,0.613636363636364
iambic_pentameter_g,38,0.876392234023519,0.753246753246753
iambic_pentameter_g,39,0.888335980213888,0.909090909090909
iambic_pentameter_g,40,0.853932264514509,0.477272727272727
iambic_pentameter_g,41,0.869793279877501,0.875
iambic_pentameter_g,42,0.871871617380017,1.04545454545455
iambic_pentameter_g,43,0.851582112951208,0.577922077922078
iambic_pentameter_g,44,0.881692057982414,1.00649350649351
iambic_pentameter_g,45,0.887994011853147,0.651515151515152
iambic_pentameter_g,46,0.890370147895587,1.28030303030303
iambic_pentameter_g,47,0.87969039169495,0.62987012987013
iambic_pentameter_g,48,0.852148946705511,1.19480519480519
iambic_pentameter_g,49,0.868267601721035,0.806818181818182
iambic_pentameter_g,50,0.890067834986131,0.75
iambic_pentameter_g,51,0.879928853046057,1.03409090909091
iambic_pentameter_g,52,0.872140483096382,0.75974025974026
iambic_pentameter_g,53,0.852230857916758,0.738636363636364
iambic_pentameter_g,54,0.871213885347387,0.681818181818182
iambic_pentameter_g,55,0.895184156748571,0.805194805194805
iambic_pentameter_g,56,0.895383468472644,1.26262626262626
iambic_pentameter_g,57,0.873365293651982,0.675324675324675
iambic_pentameter_g,58,0.897262930961719,1.42045454545455
iambic_pentameter_g,59,0.878682079575254,1.07142857142857
iambic_pentameter_g,60,0.885061982525977,0.623376623376623
iambic_pentameter_g,61,0.844683633767024,0.986363636363636
iambic_pentameter_g,62,0.855834225393246,0.87012987012987
iambic_pentameter_g,63,0.860059135219781,1.13636363636364
iambic_pentameter_g,64,0.829709305457302,1.37342657342657
iambic_pentameter_g,65,0.85297307642965,0.801948051948052
iambic_pentameter_g,66,0.862182143572736,0.88961038961039
iambic_pentameter_g,67,0.857814013835652,0.696969696969697
iambic_pentameter_g,68,0.85041670531418,1.2969696969697
iambic_pentameter_g,69,0.856555553252659,0.916666666666667
iambic_pentameter_g,70,0.875343174485322,1.58522727272727
iambic_pentameter_g,71,0.869229901241825,0.811688311688312
iambic_pentameter_g,72,0.878126747597634,0.62987012987013
iambic_pentameter_g,73,0.866023281175993,0.727272727272727
iambic_pentameter_g,74,0.867294444747075,1.52027972027972
iambic_pentameter_g,75,0.87230349611901,0.824675324675325
iambic_pentameter_g,76,0.892077576973172,1.1038961038961
iambic_pentameter_g,77,0.85875782801461,0.876623376623376
iambic_pentameter_g,78,0.852750585878972,0.87012987012987
iambic_pentameter_g,79,0.872489738088363,0.766233766233766
iambic_pentameter_g,80,0.870027215561049,1.21428571428571
iambic_pentameter_g,81,0.856568919016762,0.597402597402597
iambic_pentameter_g,82,0.859573967239227,1.15584415584416
iambic_pentameter_g,83,0.886688164673099,1.62987012987013
iambic_pentameter_g,84,0.86846092849617,0.896103896103896
iambic_pentameter_g,85,0.8735400948324,1.14285714285714
iambic_pentameter_g,86,0.861117922796521,0.785714285714286
iambic_pentameter_g,87,0.862698555836928,1.24545454545455
iambic_pentameter_g,88,0.858434537447314,0.927272727272727
iambic_pentameter_g,89,0.866575410063056,1.03030303030303
iambic_pentameter_g,90,0.864368828128571,0.704545454545454
iambic_pentameter_g,91,0.890863294278771,1.09090909090909
iambic_pentameter_g,92,0.878917879578663,0.757575757575757
iambic_pentameter_g,93,0.86534806466067,1.95454545454545
iambic_pentameter_g,94,0.874286539579882,1.17272727272727
iambic_pentameter_g,95,0.874223853882199,1.24242424242424
iambic_pentameter_g,96,0.85423992227853,1.54545454545455
iambic_pentameter_g,97,0.858898003244868,1.05113636363636
iambic_pentameter_g,98,0.86746896992772,0.712121212121212
iambic_pentameter_g,99,0.870987299572252,1.04545454545455
ternary_g,0,0.874429462037191,1.01111111111111
ternary_g,1,0.906223032481571,1.01666666666667
ternary_g,2,0.871634602182745,1.22435897435897
ternary_g,3,0.879759527131026,1.14903846153846
ternary_g,4,0.856368441149,0.987179487179487
ternary_g,5,0.866242720673106,1.56503496503496
ternary_g,6,0.875660918732812,1.1043956043956
ternary_g,7,0.874117109395895,1.75384615384615
ternary_g,8,0.881624371083439,1.51538461538461
ternary_g,9,0.876118325038392,1.21794871794872
ternary_g,10,0.890838330332837,1.08119658119658
ternary_g,11,0.883144716366276,1.62835249042146
ternary_g,12,0.864188494867247,0.579545454545455
ternary_g,13,0.855281658385365,1.18139880952381
ternary_g,14,0.891052895656563,1.33846153846154
ternary_g,15,0.879597507770232,1.62291666666667
ternary_g,16,0.892482766758019,1.09134615384615
ternary_g,17,0.888515141895765,1.06597222222222
ternary_g,18,0.870195179785932,1.24479166666667
ternary_g,19,0.851392370516331,1.07291666666667
ternary_g,20,0.854784482420146,2.85372023809524
ternary_g,21,0.861740390653864,1.28541666666667
ternary_g,22,0.858359856610082,1.00138888888889
ternary_g,23,0.853255399085997,0.884615384615385
ternary_g,24,0.853158725249962,1.12362637362637
ternary_g,25,0.844920024318038,0.89298433048433
ternary_g,26,0.861806508841957,1.14391025641026
ternary_g,27,0.85115586698818,1.25
ternary_g,28,0.878778106478464,0.865384615384615
ternary_g,29,0.865118776644608,1.00480769230769
ternary_g,30,0.861710292224608,1.19471153846154
ternary_g,31,0.878708482813011,0.727272727272727
ternary_g,32,0.880734999540058,1.30113636363636
ternary_g,33,0.868539182087971,1.66477272727273
ternary_g,34,0.920643922379396,1.04545454545455
ternary_g,35,0.891360271444622,0.954545454545454
ternary_g,36,0.878520305417379,0.931818181818182
ternary_g,37,0.863294438414738,1.18589743589744
ternary_g,38,0.899717302273014,1.22727272727273
ternary_g,39,0.857063050166625,1.27930402930403
ternary_g,40,0.860832479395464,1.2603550295858
ternary_g,41,0.867656526279048,0.847222222222222
ternary_g,42,0.837534774268713,1.58806366047745
ternary_g,43,0.839544202650435,3.64202724358974
ternary_g,44,0.869915505227034,1.28819444444444
ternary_g,45,0.862748688033395,1.42857142857143
ternary_g,46,0.8755740215428,1.11805555555556
ternary_g,47,0.87389832360859,1.11666666666667
ternary_g,48,0.900078560910076,2.15
ternary_g,49,0.878199324051684,2.42857142857143
ternary_g,50,0.86024209230963,1.30438311688312
ternary_g,51,0.864179712706523,0.431623931623932
ternary_g,52,0.913901261263314,0.86875
ternary_g,53,0.883724869625055,0.660714285714286
ternary_g,54,0.881237231822552,0.430059523809524
ternary_g,55,0.870031982101847,0.565476190476191
ternary_g,56,0.867447427301329,0.442234848484848
ternary_g,57,0.885217871346596,0.675
ternary_g,58,0.882014598105742,1.44891774891775
ternary_g,59,0.881840213605682,1.13333333333333
ternary_g,60,0.874709759095456,1.4013986013986
ternary_g,61,0.856341160053007,2.01420118343195
ternary_g,62,0.873332146367293,1.13186813186813
ternary_g,63,0,None
ternary_g,64,0.855161817119464,2.90277777777778
ternary_g,65,0.854280751573396,2.67577639751553
ternary_g,66,0.82567987833102,2.36243386243386
ternary_g,67,0.831271182349819,0.6875
ternary_g,68,0.872267298524163,1.11388888888889
ternary_g,69,0.864199123918169,0.89375
ternary_g,70,0.854483782982836,1.19506172839506
ternary_g,71,0.856373691614487,1.89333333333333
ternary_g,72,0.865669631096346,1.6125
ternary_g,73,0.873968209840593,1.92755102040816
ternary_g,74,0.861615901410054,1.32222222222222
ternary_g,75,0.855061950347931,1.71666666666667
ternary_g,76,0.852299049749734,2.72673992673993
ternary_g,77,0.857479650791168,1.55555555555556
ternary_g,78,0.859766823381703,1.46547619047619
ternary_g,79,0.857275077226806,1.54305555555556
ternary_g,80,0.859291801022556,1.38324175824176
ternary_g,81,0.857434538252443,2.05416666666667
ternary_g,82,0.880212997044559,1.03981481481481
ternary_g,83,0.844603439259346,3.65980148883375
ternary_g,84,0.860871749840003,0.79782196969697
ternary_g,85,0.871220582512452,1.15740740740741
ternary_g,86,0.867795860487829,1.06944444444444
ternary_g,87,0.886717389033212,1.17430555555556
ternary_g,88,0.87740285894082,1.12698412698413
ternary_g,89,0.869436334227658,1.2209595959596
ternary_g,90,0.874179075277712,1.16319444444444
ternary_g,91,0.876861867197861,1.05288461538462
ternary_g,92,0.852062267475759,1.88447971781305
ternary_g,93,0.862816069024268,1.29583333333333
ternary_g,94,0.905446369692806,0.933566433566434
ternary_g,95,0.928962214335027,3.17857142857143
ternary_g,96,0.845686623462382,1.76826923076923
ternary_g,97,0.880701494677456,1.66666666666667
ternary_g,98,0.917381913536382,1.38888888888889
ternary_g,99,0.886269016837828,0.866666666666667
ternary_d,0,0.873809137433981,0.847222222222222
ternary_d,1,0.903228102742844,1.16666666666667
ternary_d,2,0.876549306325568,1.16666666666667
ternary_d,3,0.883783602155153,1.0625
ternary_d,4,0.857291768427001,1.03846153846154
ternary_d,5,0.860759867024439,1.14405594405594
ternary_d,6,0.876183846803238,0.994505494505495
ternary_d,7,0.853211885174944,1.15384615384615
ternary_d,8,0.885066671238815,1.68846153846154
ternary_d,9,0.888955841216253,1.15384615384615
ternary_d,10,0.871435835623957,1.03418803418803
ternary_d,11,0.876638761365001,1.61637931034483
ternary_d,12,0.868706148466645,0.755681818181818
ternary_d,13,0.881361818570365,0.843217893217893
ternary_d,14,0.896880295440567,1.28076923076923
ternary_d,15,0.882948499133368,1.94097222222222
ternary_d,16,0.896814900348011,1.24626068376068
ternary_d,17,0.891041392583689,1.875
ternary_d,18,0.870823402281459,1.23958333333333
ternary_d,19,0.855765678752741,0.995833333333333
ternary_d,20,0.875117482472672,1.15451388888889
ternary_d,21,0.870579857249801,1.2625
ternary_d,22,0.872484281040382,1.26435185185185
ternary_d,23,0.856579180921031,0.859241452991453
ternary_d,24,0.852372869720128,1.37087912087912
ternary_d,25,0.852731015002782,1.0133547008547
ternary_d,26,0.866961457614653,1.24775641025641
ternary_d,27,0.846535147478211,1.35590277777778
ternary_d,28,0.876875613282162,0.971153846153846
ternary_d,29,0.859307327168366,0.903846153846154
ternary_d,30,0.861049191604669,1.13701923076923
ternary_d,31,0.878909512164431,1.08522727272727
ternary_d,32,0.874182934629797,1.17045454545455
ternary_d,33,0.871268419541508,1.23295454545455
ternary_d,34,0.903133521088027,1.63636363636364
ternary_d,35,0.897033419778821,0.863636363636364
ternary_d,36,0.8532695311309,1.13636363636364
ternary_d,37,0.872300419783392,1.12740384615385
ternary_d,38,0.89631241678793,1.09090909090909
ternary_d,39,0.866246216429043,1.26190476190476
ternary_d,40,0.880987341987828,1.32248520710059
ternary_d,41,0.869133421599181,0.90625
ternary_d,42,0.851834566338559,1.5400260756193
ternary_d,43,0.834709196989705,3.70192307692308
ternary_d,44,0.880824908667887,1.31597222222222
ternary_d,45,0.850965293540456,1.28846153846154
ternary_d,46,0.877865580893328,0.902777777777778
ternary_d,47,0.876976831415516,1.53333333333333
ternary_d,48,0.904255305072694,2.24722222222222
ternary_d,49,0.863027157683675,2.42857142857143
ternary_d,50,0.872128099595991,1.63961038961039
ternary_d,51,0.868045978131748,0.683760683760684
ternary_d,52,0.903328262557906,0.7375
ternary_d,53,0.883264577614289,0.507142857142857
ternary_d,54,0.889034726001968,0.619047619047619
ternary_d,55,0.863534031459158,0.443452380952381
ternary_d,56,0.868413641625284,0.518939393939394
ternary_d,57,0.87334681285017,0.586742424242424
ternary_d,58,0.897578494438095,0.867748917748918
ternary_d,59,0.876692923927835,0.758333333333333
ternary_d,60,0.892112911945824,1.38857808857809
ternary_d,61,0.851529062446436,1.00749250749251
ternary_d,62,0.878378734189487,1.15384615384615
ternary_d,63,0.877948443872492,1.98034188034188
ternary_d,64,0.867017003487602,3.28888888888889
ternary_d,65,0.856892382401992,1.5
ternary_d,66,0.82480169497789,2.48941798941799
ternary_d,67,0.831766124698087,0.420833333333333
ternary_d,68,0.867095132148606,1.15138888888889
ternary_d,69,0.879617577733339,2.00208333333333
ternary_d,70,0.864858304889121,1.73827160493827
ternary_d,71,0.88016920361124,2.07703703703704
ternary_d,72,0.873335000413576,1.64268707482993
ternary_d,73,0.871736570846077,2.13571428571429
ternary_d,74,0.864454297887866,1.36111111111111
ternary_d,75,0.862484265462932,1.68333333333333
ternary_d,76,0.852506839602579,1.63748894783378
ternary_d,77,0.859806135037497,1.3125
ternary_d,78,0.88797739303814,1.76904761904762
ternary_d,79,0.853303675977839,1.175
ternary_d,80,0.859685002355735,1.30824175824176
ternary_d,81,0.862861529879829,2.09166666666667
ternary_d,82,0.898100963521404,1.02037037037037
ternary_d,83,0.857779011654973,2.27542735042735
ternary_d,84,0.862097305853947,0.785511363636363
ternary_d,85,0.872102738097638,1.14351851851852
ternary_d,86,0.862867919472219,0.976851851851852
ternary_d,87,0.890167061916596,1.23125
ternary_d,88,0.872788256063944,1.05952380952381
ternary_d,89,0.862218737690512,1.69002525252525
ternary_d,90,0.875197849160954,1.10138888888889
ternary_d,91,0.866635185337077,1.41686698717949
ternary_d,92,0.861113271915079,2.15196942974721
ternary_d,93,0.865621973978462,1.3075
ternary_d,94,0.892015419594178,0.645104895104895
ternary_d,95,0.938912055084565,3.46428571428571
ternary_d,96,0.843674261737777,1.69423076923077
ternary_d,97,0.880704901485408,1.95238095238095
ternary_d,98,0.916327822874515,2.5
ternary_d,99,0.90787358439681,1.46666666666667
ternary_b,0,0.869831727766677,1.03888888888889
ternary_b,1,0.875082744132907,0.994444444444444
ternary_b,2,0.868934247981799,1.15384615384615
ternary_b,3,0.894930670099948,0.908653846153846
ternary_b,4,0.861711090407442,1.14423076923077
ternary_b,5,0.873327004465835,1.25524475524476
ternary_b,6,0.880178335520659,0.978021978021978
ternary_b,7,0.883419319618401,1.42307692307692
ternary_b,8,0.891596602584505,1.82692307692308
ternary_b,9,0.887777764793257,1.19230769230769
ternary_b,10,0.881468066337019,1.14529914529915
ternary_b,11,0.891072738853553,1.54358237547893
ternary_b,12,0.869622859886701,0.5625
ternary_b,13,0.906063933816758,1.16565656565657
ternary_b,14,0.890107263737807,1.31923076923077
ternary_b,15,0.88818345389286,2.06041666666667
ternary_b,16,0.906437874222977,1.16292735042735
ternary_b,17,0.911989268886645,1.52083333333333
ternary_b,18,0.898519640940364,1.28645833333333
ternary_b,19,0.857464786259365,1.56458333333333
ternary_b,20,0.87393991460349,1.43229166666667
ternary_b,21,0.895243288871961,1.14010416666667
ternary_b,22,0.880801036570828,1.26574074074074
ternary_b,23,0.861520455471677,0.871260683760684
ternary_b,24,0.858008969492451,1.64812271062271
ternary_b,25,0.863526262518779,1.72667378917379
ternary_b,26,0.893134726050855,1.8349358974359
ternary_b,27,0.866419438319567,1.96875
ternary_b,28,0.874306620427905,1.26442307692308
ternary_b,29,0.878340559446629,1.19711538461538
ternary_b,30,0.865648369214837,1.38942307692308
ternary_b,31,0.898035835173705,1.03977272727273
ternary_b,32,0,None
ternary_b,33,0.884517849781978,1.13636363636364
ternary_b,34,0.88694814889487,1.63636363636364
ternary_b,35,0.899062787721316,1.81818181818182
ternary_b,36,0.864904430058344,1.06818181818182
ternary_b,37,0.870380039801596,1.4755608974359
ternary_b,38,0.895920391991352,1.06818181818182
ternary_b,39,0.909428941190704,2.76053113553114
ternary_b,40,0.883891296538279,1.52662721893491
ternary_b,41,0.862016329988463,1.27083333333333
ternary_b,42,0.864859219141074,1.87900912646675
ternary_b,43,0.845864729300416,1.36907051282051
ternary_b,44,0.881661114404757,1.40972222222222
ternary_b,45,0.879960177472937,1.45879120879121
ternary_b,46,0.900991756896159,0.916666666666667
ternary_b,47,0.883312628123703,1.25833333333333
ternary_b,48,0.915935938612424,1.83055555555556
ternary_b,49,0.935573803953845,1.78571428571429
ternary_b,50,0.878557584931195,2.7150974025974
ternary_b,51,0.898663044184377,0.927350427350427
ternary_b,52,0.917763879615795,1.16041666666667
ternary_b,53,0.914606779751594,0.685714285714286
ternary_b,54,0.896443590319676,0.898809523809524
ternary_b,55,0.875411591644984,0.427827380952381
ternary_b,56,0.872899666471499,0.419507575757576
ternary_b,57,0.869807638121595,0.6875
ternary_b,58,0.904214213106649,0.988311688311688
ternary_b,59,0.892181916378646,1.65416666666667
ternary_b,60,0.905421223680455,1.94755244755245
ternary_b,61,0.856924238900493,1.5954045954046
ternary_b,62,0.89940727856513,1.14285714285714
ternary_b,63,0,None
ternary_b,64,0.87878030758215,2.01944444444444
ternary_b,65,0.871956978576964,2.39503105590062
ternary_b,66,0.84639574810665,2.7037037037037
ternary_b,67,0.854020233259587,0.55
ternary_b,68,0.867100190007487,0.822222222222222
ternary_b,69,0.895567477038972,3.13958333333333
ternary_b,70,0.883075571250921,1.76049382716049
ternary_b,71,0.889765876430661,2.54592592592593
ternary_b,72,0.898543185842508,2.04243197278912
ternary_b,73,0.888055292610657,2.31224489795918
ternary_b,74,0.894183607854475,1.47777777777778
ternary_b,75,0.87453978058026,2.43333333333333
ternary_b,76,0.878343537428287,1.62533156498674
ternary_b,77,0.884784720910986,1.875
ternary_b,78,0.910101928598451,1.98660714285714
ternary_b,79,0.878014153784244,1.56805555555556
ternary_b,80,0.887918498248967,1.74285714285714
ternary_b,81,0.873330693809669,1.90104166666667
ternary_b,82,0.915037462652928,1.29537037037037
ternary_b,83,0.871803993952374,2.42834008097166
ternary_b,84,0.883509553465534,1.03314393939394
ternary_b,85,0.879979892124345,1.39583333333333
ternary_b,86,0.866007415557254,0.967592592592593
ternary_b,87,0.902930153530821,1.91736111111111
ternary_b,88,0.912009989180828,1.33333333333333
ternary_b,89,0.868437808688531,1.79766414141414
ternary_b,90,0.883431696524914,1.35208333333333
ternary_b,91,0.886706305564674,1.35116185897436
ternary_b,92,0,None
ternary_b,93,0.876408942186522,1.58833333333333
ternary_b,94,0.922705701363172,1.28496503496503
ternary_b,95,0.959105727485,3.78571428571429
ternary_b,96,0.870550542571472,2.28423076923077
ternary_b,97,0.887570401811615,1.47619047619048
ternary_b,98,0.914689431771024,0.666666666666667
ternary_b,99,0.908542097605003,1.26666666666667
ternary_deepl,0,0.914525213636513,4.05833333333333
ternary_deepl,1,0.956102609962193,1.56111111111111
ternary_deepl,2,0.932754776233202,2.51282051282051
ternary_deepl,3,0.958776954295489,2.24519230769231
ternary_deepl,4,0.925352768194078,2.60576923076923
ternary_deepl,5,0.944122121182444,2.42237762237762
ternary_deepl,6,0.927607804645384,2.24175824175824
ternary_deepl,7,0.939849826192513,3.83076923076923
ternary_deepl,8,0.92557130143875,3.45769230769231
ternary_deepl,9,0.911796861411509,2.48717948717949
ternary_deepl,10,0.944193951034658,2.2008547008547
ternary_deepl,11,0.936993626067927,3.42624521072797
ternary_deepl,12,0.942682023639341,3.30681818181818
ternary_deepl,13,0.925357102202154,2.03556998556998
ternary_deepl,14,0.922177406696646,2.75
ternary_deepl,15,0.933156365003129,3.25902777777778
ternary_deepl,16,0.95306744986208,2.88514957264957
ternary_deepl,17,0.92668246490914,2.76215277777778
ternary_deepl,18,0.900649384254496,2.52604166666667
ternary_deepl,19,0.891557174845752,2.3125
ternary_deepl,20,0.901871514137912,2.46651785714286
ternary_deepl,21,0.91020208590043,2.26510416666667
ternary_deepl,22,0.856072370124247,2.27453703703704
ternary_deepl,23,0.900660008159535,3.06517094017094
ternary_deepl,24,0.908058133206453,3.19322344322344
ternary_deepl,25,0.878308659188531,2.81659544159544
ternary_deepl,26,0.895518856516072,2.09967948717949
ternary_deepl,27,0.897465153954659,3.26041666666667
ternary_deepl,28,0.917595201013037,2.13942307692308
ternary_deepl,29,0.908262850217808,2.21634615384615
ternary_deepl,30,0.911503364606776,2.76923076923077
ternary_deepl,31,0.93647186531905,2.46590909090909
ternary_deepl,32,0.914557493566323,2.61363636363636
ternary_deepl,33,0.9167698833743,2.10227272727273
ternary_deepl,34,0.923489499654745,2.31818181818182
ternary_deepl,35,0.9304798930409,3.13636363636364
ternary_deepl,36,0.918471985982425,2.25
ternary_deepl,37,0.907343864210022,2.63862179487179
ternary_deepl,38,0.921020244393478,3.59090909090909
ternary_deepl,39,0.905785221181291,2.80082417582418
ternary_deepl,40,0.918870414715756,4.11138461538462
ternary_deepl,41,0.902483482363783,2.875
ternary_deepl,42,0.91493161158003,2.94550195567145
ternary_deepl,43,0.908903423132978,2.31233974358974
ternary_deepl,44,0.909408215750828,2.71527777777778
ternary_deepl,45,0.907960994691175,2.59615384615385
ternary_deepl,46,0.909403996995701,2.09722222222222
ternary_deepl,47,0.918877385052204,2.88333333333333
ternary_deepl,48,0.971101798724401,2.33611111111111
ternary_deepl,49,0.941890796277824,2.14285714285714
ternary_deepl,50,0.898672360183933,4.33603896103896
ternary_deepl,51,0.940821302064872,2.21794871794872
ternary_deepl,52,0.950313698532563,1.95
ternary_deepl,53,0.98315803743586,3.26607142857143
ternary_deepl,54,0.955010539518183,2.58333333333333
ternary_deepl,55,0.895920188253901,2.3764880952381
ternary_deepl,56,0.93043272280526,1.97348484848485
ternary_deepl,57,0.938897291690239,2.03863636363636
ternary_deepl,58,0.935747997645295,2.09220779220779
ternary_deepl,59,0.923873942923931,2.325
ternary_deepl,60,0.922657060813498,3.03006993006993
ternary_deepl,61,0.918581747154819,2.34565434565435
ternary_deepl,62,0.925855207587645,2.01098901098901
ternary_deepl,63,0.926645864045374,2.69487179487179
ternary_deepl,64,0.930463561592449,4.73611111111111
ternary_deepl,65,0.911791440756237,3.16190476190476
ternary_deepl,66,0.894895758738152,3.31481481481481
ternary_deepl,67,0.903517116034568,3.14583333333333
ternary_deepl,68,0.919696406730186,2.99583333333333
ternary_deepl,69,0.920468469556116,3.35
ternary_deepl,70,0.921851125762083,3.01111111111111
ternary_deepl,71,0.915712112205393,2.9837037037037
ternary_deepl,72,0.944016471057595,2.50238095238095
ternary_deepl,73,0.925536995549725,2.67142857142857
ternary_deepl,74,0.943445960627924,3.78333333333333
ternary_deepl,75,0.937351143995648,3.28333333333333
ternary_deepl,76,0.916897576299895,2.73563218390805
ternary_deepl,77,0.915725799237803,2.50694444444444
ternary_deepl,78,0.934380444987271,2.4452380952381
ternary_deepl,79,0.890347908751858,2.89305555555556
ternary_deepl,80,0.914148443066786,2.65906593406593
ternary_deepl,81,0.921981010187836,2.58020833333333
ternary_deepl,82,0.93982080142667,2.3462962962963
ternary_deepl,83,0.913316514668105,2.58502024291498
ternary_deepl,84,0.927790010887618,2.45833333333333
ternary_deepl,85,0.92484836787596,2.42361111111111
ternary_deepl,86,0.927048274280924,2.44444444444444
ternary_deepl,87,0.932521613291451,2.80972222222222
ternary_deepl,88,0.928511404463821,2.37698412698413
ternary_deepl,89,0.924839225641014,3.14520202020202
ternary_deepl,90,0.929047878133508,2.96527777777778
ternary_deepl,91,0.921452179243653,2.19391025641026
ternary_deepl,92,0.906088503065597,3.14226925338036
ternary_deepl,93,0.92535894887606,2.64166666666667
ternary_deepl,94,0.952553428024804,3.15664335664336
ternary_deepl,95,0.959083807813242,4.14285714285714
ternary_deepl,96,0.916394267566906,2.88807692307692
ternary_deepl,97,0.924609289193151,2.5952380952381
ternary_deepl,98,0.910992891282423,2.19444444444444
ternary_deepl,99,0.934559265032365,2.6
iambic_pentameter_deepl,0,0.908987761677293,4.05050505050505
iambic_pentameter_deepl,1,0.920803706330259,3.39772727272727
iambic_pentameter_deepl,2,0.915417052872894,2.73376623376623
iambic_pentameter_deepl,3,0.942764608257177,2.43181818181818
iambic_pentameter_deepl,4,0.924755130688838,1.9025974025974
iambic_pentameter_deepl,5,0.886749727372105,1.43636363636364
iambic_pentameter_deepl,6,0.945143363572788,3.15151515151515
iambic_pentameter_deepl,7,0.918990777162291,2.68181818181818
iambic_pentameter_deepl,8,0.931138637795368,2.29545454545455
iambic_pentameter_deepl,9,0.928002330350475,1.86363636363636
iambic_pentameter_deepl,10,0.946308784194684,2.63636363636364
iambic_pentameter_deepl,11,0.942408108664441,3.90909090909091
iambic_pentameter_deepl,12,0.921709442608875,2.46753246753247
iambic_pentameter_deepl,13,0.952351999061582,2.04545454545455
iambic_pentameter_deepl,14,0.944024065364282,2.68181818181818
iambic_pentameter_deepl,15,0.915675629173384,2.88636363636364
iambic_pentameter_deepl,16,0.926069605949421,2.11363636363636
iambic_pentameter_deepl,17,0.923937622420868,1.63636363636364
iambic_pentameter_deepl,18,0.930823921322603,2.75
iambic_pentameter_deepl,19,0.95293694711151,4.65909090909091
iambic_pentameter_deepl,20,0.905820372316745,2.27272727272727
iambic_pentameter_deepl,21,0.94111116769178,1.68181818181818
iambic_pentameter_deepl,22,0.937513546440197,2.45454545454545
iambic_pentameter_deepl,23,0.921899946949309,2.88636363636364
iambic_pentameter_deepl,24,0.912073666843424,2.13636363636364
iambic_pentameter_deepl,25,0.954138472637711,2.21212121212121
iambic_pentameter_deepl,26,0.933052645480659,3.2987012987013
iambic_pentameter_deepl,27,0.946601356625271,2.08181818181818
iambic_pentameter_deepl,28,0.942828138677245,1.88636363636364
iambic_pentameter_deepl,29,0.917695352789601,2.67045454545454
iambic_pentameter_deepl,30,0.934866647482603,3.77272727272727
iambic_pentameter_deepl,31,0.919367629150777,2.95454545454545
iambic_pentameter_deepl,32,0.926484510271674,2.13068181818182
iambic_pentameter_deepl,33,0.935562527513338,2.45454545454545
iambic_pentameter_deepl,34,0.915266188684599,3.17532467532467
iambic_pentameter_deepl,35,0.941641595519649,2.65584415584416
iambic_pentameter_deepl,36,0.930238400638434,2.53246753246753
iambic_pentameter_deepl,37,0.963644904528262,1.86363636363636
iambic_pentameter_deepl,38,0.960012211941791,3.19480519480519
iambic_pentameter_deepl,39,0.956820363731752,3.84090909090909
iambic_pentameter_deepl,40,0.937505334509387,2.29545454545455
iambic_pentameter_deepl,41,0.929412549986824,3.68181818181818
iambic_pentameter_deepl,42,0.943343751928935,2.55681818181818
iambic_pentameter_deepl,43,0.911416350363554,2.65584415584416
iambic_pentameter_deepl,44,0.948730403261098,3.01298701298701
iambic_pentameter_deepl,45,0.944854199151728,2.77272727272727
iambic_pentameter_deepl,46,0.941295919917464,2.41666666666667
iambic_pentameter_deepl,47,0.924126820870996,3.07792207792208
iambic_pentameter_deepl,48,0.9318724601056,3.36363636363636
iambic_pentameter_deepl,49,0.92213449166684,2.28977272727273
iambic_pentameter_deepl,50,0.969053131102458,1.74242424242424
iambic_pentameter_deepl,51,0.942021295799661,2.09090909090909
iambic_pentameter_deepl,52,0.936078186155034,2.68831168831169
iambic_pentameter_deepl,53,0.932988965052136,2.82954545454545
iambic_pentameter_deepl,54,0.950780964297583,3.12987012987013
iambic_pentameter_deepl,55,0.945480745453372,3.14285714285714
iambic_pentameter_deepl,56,0.936213295869424,3.47474747474747
iambic_pentameter_deepl,57,0.951708344788908,3.12987012987013
iambic_pentameter_deepl,58,0.936236824830743,2.05681818181818
iambic_pentameter_deepl,59,0.944432466436741,2.48051948051948
iambic_pentameter_deepl,60,0.948978045674555,2.64285714285714
iambic_pentameter_deepl,61,0.914662279358985,3.03535353535353
iambic_pentameter_deepl,62,0.907291437556911,2.43506493506493
iambic_pentameter_deepl,63,0.915735981890895,2.98051948051948
iambic_pentameter_deepl,64,0.925150805203117,3.46753246753247
iambic_pentameter_deepl,65,0.903651257466326,2.78896103896104
iambic_pentameter_deepl,66,0.922631682637419,2.16233766233766
iambic_pentameter_deepl,67,0.936111073935615,3.02525252525252
iambic_pentameter_deepl,68,0.915200221770276,3.72424242424242
iambic_pentameter_deepl,69,0.915893249550466,2.85606060606061
iambic_pentameter_deepl,70,0.911764928278221,3.625
iambic_pentameter_deepl,71,0.927782359272282,3.47402597402597
iambic_pentameter_deepl,72,0.931820332069991,2.53896103896104
iambic_pentameter_deepl,73,0.926238298577513,3.90909090909091
iambic_pentameter_deepl,74,0.922837893026952,2.18181818181818
iambic_pentameter_deepl,75,0.931378102050302,3.66883116883117
iambic_pentameter_deepl,76,0.926279603869065,3.29220779220779
iambic_pentameter_deepl,77,0.913256541404441,3.25324675324675
iambic_pentameter_deepl,78,0.920356792711953,2.83116883116883
iambic_pentameter_deepl,79,0.934100836543017,2.61038961038961
iambic_pentameter_deepl,80,0.914482715719061,2.96753246753247
iambic_pentameter_deepl,81,0.912299675844499,3.14935064935065
iambic_pentameter_deepl,82,0.925398231884879,3.68181818181818
iambic_pentameter_deepl,83,0.931520388682173,2.73376623376623
iambic_pentameter_deepl,84,0.929977623529242,2.57142857142857
iambic_pentameter_deepl,85,0.945281020823817,3.05194805194805
iambic_pentameter_deepl,86,0.924860014109056,2.66233766233766
iambic_pentameter_deepl,87,0.926203191868668,2.91818181818182
iambic_pentameter_deepl,88,0.919174121808816,2.93636363636364
iambic_pentameter_deepl,89,0.8978335750255,2.75757575757576
iambic_pentameter_deepl,90,0.891913212019822,3.27272727272727
iambic_pentameter_deepl,91,0.926135104303707,1.57575757575758
iambic_pentameter_deepl,92,0.922620910223979,1.75757575757576
iambic_pentameter_deepl,93,0.915447323975419,2.15909090909091
iambic_pentameter_deepl,94,0.915087583998318,2.85454545454545
iambic_pentameter_deepl,95,0.912578540529533,2.53030303030303
iambic_pentameter_deepl,96,0.91522003102106,3.18181818181818
iambic_pentameter_deepl,97,0.922017067921326,2.27840909090909
iambic_pentameter_deepl,98,0.891767644275809,2.98484848484848
iambic_pentameter_deepl,99,0.928245483789364,2.20909090909091
shakespeare_b,0,0.892274243637085,0.735714285714286,0.727272727272727
shakespeare_b,1,0.897378314864867,0.764285714285714,0.714285714285714
shakespeare_b,2,0.881369047865103,1.27857142857143,0.5
shakespeare_b,3,0.872312627803394,1.27142857142857,0.823529411764706
shakespeare_b,4,0.872305098395587,0.692857142857143,0.833333333333333
shakespeare_b,5,0.881444976756555,0.757142857142857,0.428571428571429
shakespeare_b,6,0.869841106688875,0.807142857142857,0.6
shakespeare_b,7,0.887901179830764,1.32142857142857,0.833333333333333
shakespeare_b,8,0.890914367864313,1.34285714285714,0.444444444444444
shakespeare_b,9,0.885664397699427,0.935714285714286,0.25
shakespeare_b,10,0.894428566938391,1.11428571428571,0.2
shakespeare_b,11,0.886799603330459,0.714285714285714,0.833333333333333
shakespeare_b,12,0.88497990870159,0.971428571428571,0.833333333333333
shakespeare_b,13,0.915878061170336,1.47857142857143,0.6
shakespeare_b,14,0.889609157541809,0.721428571428571,0.444444444444444
shakespeare_b,15,0.885103757203471,0.735714285714286,0.545454545454545
shakespeare_b,16,0.904161701117638,1.17857142857143,0.444444444444444
shakespeare_b,17,0.905065184039231,1.05,0.428571428571429
shakespeare_b,18,0.913138123747187,0.757142857142857,0.727272727272727
shakespeare_b,19,0.891725959049969,0.75,0.625
shakespeare_b,20,0.887910578812288,0.721428571428571,0.6
shakespeare_b,21,0.893619781219554,0.821428571428571,0.923076923076923
shakespeare_b,22,0.908680852265946,0.871428571428571,0.428571428571429
shakespeare_b,23,0.90318512859154,0.835714285714286,0.923076923076923
shakespeare_b,24,0.89818709199867,0.75,0.444444444444444
shakespeare_b,25,0.89835973131917,0.914285714285714,0.833333333333333
shakespeare_b,26,0.888816057253361,0.735714285714286,0.833333333333333
shakespeare_b,27,0.896512227312499,1.02142857142857,0.444444444444444
shakespeare_b,28,0.874808949380073,0.8,0.421052631578947
shakespeare_b,29,0.888326148484416,0.564285714285714,0.823529411764706
shakespeare_b,30,0.903195197592012,0.871428571428571,0.833333333333333
shakespeare_b,31,0.882004488391149,0.878571428571428,0.727272727272727
shakespeare_b,32,0.889079427030578,0.978571428571428,0.75
shakespeare_b,33,0.905434348882764,1.12142857142857,0.444444444444444
shakespeare_b,34,0.885576675592654,0.871428571428572,0.75
shakespeare_b,35,0.904261923967075,0.85,0.666666666666667
shakespeare_b,36,0.897049651713852,0.778571428571429,0.363636363636364
shakespeare_b,37,0.89734237025117,0.742857142857143,0.363636363636364
shakespeare_b,38,0.896239236055671,1.24285714285714,0.8
shakespeare_b,39,0.912676050943532,1.77142857142857,0.25
shakespeare_b,40,0.901060642885883,0.878571428571429,0.6
shakespeare_b,41,0.914108968406816,1.45,0.833333333333333
shakespeare_b,42,0.895390163559971,0.685714285714286,0.923076923076923
shakespeare_b,43,0.894496369488848,0.864285714285714,0.833333333333333
shakespeare_b,44,0.880487529546761,1.00714285714286,0.714285714285714
shakespeare_b,45,0.877752545965635,0.95,1
shakespeare_b,46,0.88700851394453,1.16428571428571,0.6
shakespeare_b,47,0.893868170199882,0.671428571428571,0.6
shakespeare_b,48,0.89786739973445,0.7,0.444444444444444
shakespeare_b,49,0.8766702696139,0.685714285714286,0.714285714285714
shakespeare_b,50,0.893690446867703,0.807142857142857,1
shakespeare_b,51,0.87453162432538,0.9,0.833333333333333
shakespeare_b,52,0.907919194780588,0.992857142857143,0.727272727272727
shakespeare_b,53,0.893145107732298,0.964285714285714,0.727272727272727
shakespeare_b,54,0.896444647867173,1.02142857142857,0.727272727272727
shakespeare_b,55,0.899354132841256,1.69285714285714,0.571428571428571
shakespeare_b,56,0.892363720175804,0.814285714285714,0.444444444444444
shakespeare_b,57,0.882292656208292,0.785714285714286,0.833333333333333
shakespeare_b,58,0.884956022377252,0.871428571428571,0.833333333333333
shakespeare_b,59,0.890422179435913,0.664285714285714,0.222222222222222
shakespeare_b,60,0.898217087695232,0.792857142857143,0.833333333333333
shakespeare_b,61,0.88740350041075,0.764285714285714,0.727272727272727
shakespeare_b,62,0.887963259913898,0.885714285714286,1
shakespeare_b,63,0.888514505307962,0.707142857142857,0.727272727272727
shakespeare_b,64,0.903980929800318,1.05714285714286,0.833333333333333
shakespeare_b,65,0.868197571116943,0.657142857142857,0.727272727272727
shakespeare_b,66,0.901572177565983,0.985714285714285,0.923076923076923
shakespeare_b,67,0.887952800052408,0.65,0.769230769230769
shakespeare_b,68,0.882724250248022,0.771428571428571,0.833333333333333
shakespeare_b,69,0.881668258714431,0.835714285714286,0.363636363636364
shakespeare_b,70,0.899849702743317,0.914285714285714,0.714285714285714
shakespeare_b,71,0.902504851903076,0.814285714285714,0.6
shakespeare_b,72,0.906324592301745,1.56428571428571,0
shakespeare_b,73,0.877889242177928,0.785714285714286,0.923076923076923
shakespeare_b,74,0.88100533103406,0.9,0.705882352941176
shakespeare_b,75,0.914460143839386,0.807142857142857,0.727272727272727
shakespeare_b,76,0.877944315071391,0.628571428571429,0.615384615384615
shakespeare_b,77,0.911886562998441,0.985714285714285,0.181818181818182
shakespeare_b,78,0.900267433731744,0.835714285714285,0.444444444444444
shakespeare_b,79,0.868376071210882,0.85,0.625
shakespeare_b,80,0.893248983573896,0.75,0.5
shakespeare_b,81,0.877845783517275,0.721428571428571,0.833333333333333
shakespeare_b,82,0.897392202245615,0.771428571428571,0.727272727272727
shakespeare_b,83,0.88694241453626,0.871428571428571,0
shakespeare_b,84,0.892923771313699,1.20714285714286,0.6
shakespeare_b,85,0.90115207318519,0.971428571428572,0.75
shakespeare_b,86,0.888212494793402,0.785714285714286,0.833333333333333
shakespeare_b,87,0.88957876240033,0.8,0.727272727272727
shakespeare_b,88,0.897507844312059,0.792857142857143,0.727272727272727
shakespeare_b,89,0.880665923047293,1.18571428571429,0.714285714285714
shakespeare_b,90,0.896790981343456,0.935714285714286,0.727272727272727
shakespeare_b,91,0.886162473805573,0.985714285714285,0.5
shakespeare_b,92,0.899738157126365,0.685714285714286,0.5
shakespeare_b,93,0.903149561924208,0.792857142857143,0.833333333333333
shakespeare_b,94,0.893391697220102,0.721428571428571,0.333333333333333
shakespeare_b,95,0.890166291198012,0.721428571428571,0.833333333333333
shakespeare_b,96,0.896457167557574,0.885714285714286,0.631578947368421
shakespeare_b,97,0.89100617975385,0.771428571428571,0.769230769230769
shakespeare_b,98,0.898633703764865,0.973333333333333,0.153846153846154
shakespeare_b,99,0.900801180172884,0.764285714285714,0.833333333333333
shakespeare_d,0,0.884638820515341,0.692857142857143,0.923076923076923
shakespeare_d,1,0.895223293016564,0.685714285714286,0.923076923076923
shakespeare_d,2,0.875873282763715,1.1,0.6
shakespeare_d,3,0.877005906807966,1.25,0.625
shakespeare_d,4,0.884548591708718,0.585714285714286,0.533333333333333
shakespeare_d,5,0.882330191615765,0.871428571428572,0.833333333333333
shakespeare_d,6,0.881687048198535,0.735714285714286,0.545454545454545
shakespeare_d,7,0.884632537666784,0.878571428571428,0.6
shakespeare_d,8,0.884966940329474,0.935714285714286,0.923076923076923
shakespeare_d,9,0.885926564794523,0.914285714285714,0.923076923076923
shakespeare_d,10,0.891188870691812,0.764285714285714,0.6
shakespeare_d,11,0.872361360581949,0.714285714285714,0.833333333333333
shakespeare_d,12,0.883892490524171,0.928571428571428,0.666666666666667
shakespeare_d,13,0.909176909394894,0.921428571428571,0.444444444444444
shakespeare_d,14,0.896025238314611,0.65,0.833333333333333
shakespeare_d,15,0.893417214924342,0.828571428571429,0.923076923076923
shakespeare_d,16,0.89434960334035,0.735714285714286,0.6
shakespeare_d,17,0.888205215381285,0.814285714285714,0.615384615384615
shakespeare_d,18,0.901673540796863,0.778571428571429,0.714285714285714
shakespeare_d,19,0.88791535879296,0.614285714285714,0.727272727272727
shakespeare_d,20,0.866255400781062,0.657142857142857,0.222222222222222
shakespeare_d,21,0.892418203237709,0.878571428571428,0.833333333333333
shakespeare_d,22,0.906212085731448,0.871428571428571,0.6
shakespeare_d,23,0.889426550013621,0.621428571428571,0.727272727272727
shakespeare_d,24,0.897992079756859,0.764285714285714,0.833333333333333
shakespeare_d,25,0.896922424998167,0.8,0.833333333333333
shakespeare_d,26,0.888969861872475,0.678571428571429,0.714285714285714
shakespeare_d,27,0.892319295699414,0.664285714285714,0.5
shakespeare_d,28,0.88115233438035,0.814285714285714,0.363636363636364
shakespeare_d,29,0.880734021597552,0.671428571428571,0.833333333333333
shakespeare_d,30,0.899706018692882,0.785714285714286,1
shakespeare_d,31,0.886886786123988,0.864285714285714,0.2
shakespeare_d,32,0.885774793136941,0.65,0.769230769230769
shakespeare_d,33,0.888321321045955,0.721428571428571,0.923076923076923
shakespeare_d,34,0.884225610729812,1.36428571428571,0.307692307692308
shakespeare_d,35,0.89707047976671,0.785714285714286,0.727272727272727
shakespeare_d,36,0.892160340915809,0.728571428571429,0.833333333333333
shakespeare_d,37,0.891657372505376,0.692857142857143,0.666666666666667
shakespeare_d,38,0.891358796541193,1.04285714285714,0.833333333333333
shakespeare_d,39,0.877895037733464,0.721428571428571,0.833333333333333
shakespeare_d,40,0.889685016179582,0.842857142857143,0.6
shakespeare_d,41,0.902696651177213,0.921428571428572,0.727272727272727
shakespeare_d,42,0.888490088295351,0.728571428571428,0.727272727272727
shakespeare_d,43,0.863410396294275,0.707142857142857,0.923076923076923
shakespeare_d,44,0.894070552813802,0.728571428571428,0.714285714285714
shakespeare_d,45,0.871235935295225,0.864285714285714,0.727272727272727
shakespeare_d,46,0.88824912680362,0.935714285714286,0.666666666666667
shakespeare_d,47,0.88802627582779,0.792857142857143,0.545454545454545
shakespeare_d,48,0.885242032283755,0.664285714285714,0.545454545454545
shakespeare_d,49,0.877492869671369,0.707142857142857,0.833333333333333
shakespeare_d,50,0.891192904929881,0.785714285714286,0.923076923076923
shakespeare_d,51,0.88522125259711,0.678571428571429,0.727272727272727
shakespeare_d,52,0.896452009365535,0.735714285714286,0.705882352941176
shakespeare_d,53,0.89085226038001,0.857142857142857,0.714285714285714
shakespeare_d,54,0.891343458311269,1.00714285714286,0.6
shakespeare_d,55,0.887333054792727,0.735714285714286,1
shakespeare_d,56,0.891304023470743,0.857142857142857,0.714285714285714
shakespeare_d,57,0.883015940928678,0.985714285714286,0.833333333333333
shakespeare_d,58,0.887557041230934,0.878571428571429,0.833333333333333
shakespeare_d,59,0.885009426605365,0.692857142857143,0.923076923076923
shakespeare_d,60,0.908483311942249,0.807142857142857,0.705882352941176
shakespeare_d,61,0.884863894942521,0.628571428571428,0.5
shakespeare_d,62,0.878992732925969,0.721428571428571,0.625
shakespeare_d,63,0.890352276221498,0.707142857142857,0.6
shakespeare_d,64,0.903701219331399,0.835714285714286,1
shakespeare_d,65,0.865197457167011,0.542857142857143,0.615384615384615
shakespeare_d,66,0.888079821668729,0.992857142857143,0.833333333333333
shakespeare_d,67,0.884088868522665,0.778571428571429,0.666666666666667
shakespeare_d,68,0.882572799219944,0.778571428571429,0.923076923076923
shakespeare_d,69,0.87615406287895,0.707142857142857,0.923076923076923
shakespeare_d,70,0.901707788045606,0.978571428571429,0.4
shakespeare_d,71,0.894646711585654,0.814285714285714,0.6
shakespeare_d,72,0.890756819334925,0.957142857142857,0.533333333333333
shakespeare_d,73,0.893301874382123,0.778571428571429,0.714285714285714
shakespeare_d,74,0.882889316851349,0.857142857142857,1
shakespeare_d,75,0.913764712518504,0.807142857142857,0.727272727272727
shakespeare_d,76,0.876340364246992,0.7,0.615384615384615
shakespeare_d,77,0.901301738028521,0.742857142857143,0.833333333333333
shakespeare_d,78,0.909054662988324,0.8,0.5
shakespeare_d,79,0.864263721720782,0.842857142857143,0.923076923076923
shakespeare_d,80,0.891016962336703,0.785714285714286,1
shakespeare_d,81,0.883501836961715,0.75,0.923076923076923
shakespeare_d,82,0.889079847207119,0.75,0.923076923076923
shakespeare_d,83,0.875132519728706,0.678571428571429,0.833333333333333
shakespeare_d,84,0.887662017932227,0.678571428571429,0.6
shakespeare_d,85,0.901777266669316,0.771428571428571,0.833333333333333
shakespeare_d,86,0.886634100791392,0.728571428571429,0.444444444444444
shakespeare_d,87,0.884313463457583,0.757142857142857,0.727272727272727
shakespeare_d,88,0.885363962248342,0.857142857142857,0.444444444444444
shakespeare_d,89,0.882481565285494,0.764285714285714,0.625
shakespeare_d,90,0.890246529257677,0.8,0.833333333333333
shakespeare_d,91,0.888394614524889,0.992857142857143,0.833333333333333
shakespeare_d,92,0.898713943367103,0.685714285714286,0.571428571428571
shakespeare_d,93,0.902614465756951,0.692857142857143,1
shakespeare_d,94,0.895209642861601,0.692857142857143,0.666666666666667
shakespeare_d,95,0.893675466948262,0.828571428571428,0.727272727272727
shakespeare_d,96,0.893372091022873,0.807142857142857,0.75
shakespeare_d,97,0.886645361382181,0.692857142857143,0.923076923076923
shakespeare_d,98,0.878255735365516,0.94,0.5
shakespeare_d,99,0.899383861791809,0.792857142857143,0.444444444444444
shakespeare_g,0,0.880247906963532,0.821428571428571,0.833333333333333
shakespeare_g,1,0.880365301312243,0.707142857142857,1
shakespeare_g,2,0.880177694884824,0.8,0.727272727272727
shakespeare_g,3,0.868203287536658,0.792857142857143,0.833333333333333
shakespeare_g,4,0.872271117669206,0.628571428571428,0.6
shakespeare_g,5,0.86697756656266,0.742857142857143,0.6
shakespeare_g,6,0.858931113044265,0.671428571428571,0.625
shakespeare_g,7,0.88852963688411,0.707142857142857,1
shakespeare_g,8,0.882153378732235,0.7,0.833333333333333
shakespeare_g,9,0.866808806837117,0.792857142857143,0.923076923076923
shakespeare_g,10,0.862115144645473,0.664285714285714,1
shakespeare_g,11,0.879384960753155,0.671428571428571,0.75
shakespeare_g,12,0.873584324782847,0.771428571428571,0.923076923076923
shakespeare_g,13,0.889649898151339,0.835714285714286,0.923076923076923
shakespeare_g,14,0.883772045699268,0.671428571428571,0.833333333333333
shakespeare_g,15,0.886502494085932,0.785714285714286,0.625
shakespeare_g,16,0.890058662058028,0.828571428571428,0.75
shakespeare_g,17,0.907575372477556,0.842857142857143,0.545454545454545
shakespeare_g,18,0.894948593462091,0.842857142857143,0.823529411764706
shakespeare_g,19,0.88724478991457,0.557142857142857,0.6
shakespeare_g,20,0.880857416114618,0.635714285714286,0.923076923076923
shakespeare_g,21,0.8795387778157,0.721428571428571,0.428571428571429
shakespeare_g,22,0.894638554914831,0.728571428571428,0.727272727272727
shakespeare_g,23,0.888376451176792,0.728571428571429,0.705882352941176
shakespeare_g,24,0.879768122355373,0.664285714285714,1
shakespeare_g,25,0.889468014425733,0.692857142857143,0.833333333333333
shakespeare_g,26,0.886359879171439,0.685714285714286,0.571428571428571
shakespeare_g,27,0.873809375411192,0.657142857142857,0.833333333333333
shakespeare_g,28,0.882518968988034,0.657142857142857,0.923076923076923
shakespeare_g,29,0.875415484731649,0.564285714285714,0.833333333333333
shakespeare_g,30,0.88872196541322,0.65,0.923076923076923
shakespeare_g,31,0.876811953229315,0.742857142857143,0.428571428571429
shakespeare_g,32,0.885200189720076,0.778571428571429,0.631578947368421
shakespeare_g,33,0.887622630158503,0.692857142857143,0.705882352941176
shakespeare_g,34,0.881139175300296,0.728571428571429,0.833333333333333
shakespeare_g,35,0.886637233093117,0.742857142857143,0.923076923076923
shakespeare_g,36,0.8869005220847,0.714285714285714,0.769230769230769
shakespeare_g,37,0.885408180215997,0.585714285714286,0.923076923076923
shakespeare_g,38,0.882297967821865,0.835714285714285,0.714285714285714
shakespeare_g,39,0.872166787817515,0.807142857142857,0.833333333333333
shakespeare_g,40,0.878838118779633,0.814285714285714,0.705882352941176
shakespeare_g,41,0.903944683107384,0.814285714285714,0.727272727272727
shakespeare_g,42,0.885717760460243,0.707142857142857,0.526315789473684
shakespeare_g,43,0.872005845500543,0.621428571428571,0.833333333333333
shakespeare_g,44,0.874327979771888,0.664285714285714,0.923076923076923
shakespeare_g,45,0.870892257255258,0.614285714285714,0.923076923076923
shakespeare_g,46,0.882129112519916,0.742857142857143,0.571428571428571
shakespeare_g,47,0.889978681909353,0.728571428571429,0.923076923076923
shakespeare_g,48,0.871394090224961,0.642857142857143,1
shakespeare_g,49,0.88058303717978,0.757142857142857,1
shakespeare_g,50,0.881115258174597,0.728571428571429,1
shakespeare_g,51,0.876839614146081,0.8,0.833333333333333
shakespeare_g,52,0.879810400732124,0.778571428571429,0.631578947368421
shakespeare_g,53,0.872909847877146,0.65,0.727272727272727
shakespeare_g,54,0.872677534218197,0.821428571428571,1
shakespeare_g,55,0.870294696038508,0.75,0.833333333333333
shakespeare_g,56,0.890470966147593,0.921428571428572,0.833333333333333
shakespeare_g,57,0.880160097563813,0.735714285714286,0.6
shakespeare_g,58,0.880771333091465,0.635714285714286,1
shakespeare_g,59,0.873000987391714,0.614285714285714,0.666666666666667
shakespeare_g,60,0.9012314856112,0.807142857142857,0.923076923076923
shakespeare_g,61,0.879583180661913,0.707142857142857,0.833333333333333
shakespeare_g,62,0.883324533514653,0.671428571428571,1
shakespeare_g,63,0.874651998971301,0.707142857142857,0.833333333333333
shakespeare_g,64,0.898035436106298,0.657142857142857,0.923076923076923
shakespeare_g,65,0.860838113298612,0.614285714285714,0.833333333333333
shakespeare_g,66,0.887713974131606,0.75,0.666666666666667
shakespeare_g,67,0.881589461869319,0.6,1
shakespeare_g,68,0.882831562317372,0.778571428571429,0.833333333333333
shakespeare_g,69,0.872625023843998,0.657142857142857,0.533333333333333
shakespeare_g,70,0.895520451901341,0.807142857142857,0.4
shakespeare_g,71,0.887001222446754,0.814285714285714,0.923076923076923
shakespeare_g,72,0.883546485584129,0.678571428571429,0.625
shakespeare_g,73,0.88136121203099,0.864285714285714,0.727272727272727
shakespeare_g,74,0.869312956208388,0.864285714285714,0.923076923076923
shakespeare_g,75,0.900547345079184,0.692857142857143,0.923076923076923
shakespeare_g,76,0.864895342880966,0.592857142857143,0.666666666666667
shakespeare_g,77,0.86870131814059,0.65,0.923076923076923
shakespeare_g,78,0.890022134571754,0.664285714285714,1
shakespeare_g,79,0.871175369262288,0.728571428571429,0.923076923076923
shakespeare_g,80,0.8949660166867,0.8,0.833333333333333
shakespeare_g,81,0.868923950829559,0.721428571428571,0.923076923076923
shakespeare_g,82,0.884867185769935,0.707142857142857,0.727272727272727
shakespeare_g,83,0.873911763280972,0.7,0.631578947368421
shakespeare_g,84,0.875514684888115,0.671428571428571,0.6
shakespeare_g,85,0.899154702512772,0.814285714285714,0.615384615384615
shakespeare_g,86,0.88241638920118,0.764285714285714,0.833333333333333
shakespeare_g,87,0.87501420332405,0.728571428571429,0.923076923076923
shakespeare_g,88,0.880946778716996,0.742857142857143,0.923076923076923
shakespeare_g,89,0.859314980773833,0.821428571428571,0.6
shakespeare_g,90,0.891445076544199,0.842857142857143,0.625
shakespeare_g,91,0.88623779068213,0.721428571428571,1
shakespeare_g,92,0.889812364086359,0.728571428571429,0.75
shakespeare_g,93,0.892761081604112,0.857142857142857,0.823529411764706
shakespeare_g,94,0.89707009622035,0.664285714285714,0.615384615384615
shakespeare_g,95,0.885203459896558,0.742857142857143,0.625
shakespeare_g,96,0.887810057044995,0.714285714285714,0.923076923076923
shakespeare_g,97,0.889822574405543,0.635714285714286,1
shakespeare_g,98,0.874829477852783,0.753333333333333,0.333333333333333
shakespeare_g,99,0.879236459279842,0.735714285714286,0.769230769230769
shakespeare_deepl,0,0.917172255903096,2.25,0
shakespeare_deepl,1,0.94251329262249,3.25,0
shakespeare_deepl,2,0.932271425391127,2.43571428571429,0
shakespeare_deepl,3,0.918373286787826,2.17142857142857,0.25
shakespeare_deepl,4,0.924821736599556,2.42857142857143,0
shakespeare_deepl,5,0.933655570740972,2.65714285714286,0
shakespeare_deepl,6,0.903106909754743,2.77857142857143,0.25
shakespeare_deepl,7,0.927680863982411,2.69285714285714,0
shakespeare_deepl,8,0.936786502982897,3.19285714285714,0
shakespeare_deepl,9,0.927257763920161,2.72857142857143,0
shakespeare_deepl,10,0.92886113590702,2.90714285714286,0
shakespeare_deepl,11,0.922290024909494,2.20714285714286,0
shakespeare_deepl,12,0.931393817369228,2.56428571428571,0
shakespeare_deepl,13,0.943242680777101,2.61428571428571,0
shakespeare_deepl,14,0.932163427587772,3.02142857142857,0
shakespeare_deepl,15,0.947886247558611,3.3,0
shakespeare_deepl,16,0.947732027631839,3.82857142857143,0
shakespeare_deepl,17,0.94668442575942,2.51428571428571,0
shakespeare_deepl,18,0.951671450375327,3.85,0
shakespeare_deepl,19,0.939908954216322,2.67857142857143,0
shakespeare_deepl,20,0.931539686596251,3.13571428571429,0
shakespeare_deepl,21,0.92033598434758,2.32142857142857,0
shakespeare_deepl,22,0.951079824816667,3.27857142857143,0
shakespeare_deepl,23,0.934810197270131,2.52142857142857,0
shakespeare_deepl,24,0.93773256725284,2.85714285714286,0
shakespeare_deepl,25,0.929038854649537,2.78571428571429,0
shakespeare_deepl,26,0.93445800348002,3.22142857142857,0
shakespeare_deepl,27,0.928029765003989,2.95,0
shakespeare_deepl,28,0.931508487017662,3.57142857142857,0
shakespeare_deepl,29,0.932647618682598,3.80714285714286,0
shakespeare_deepl,30,0.941425011929676,2.76428571428571,0
shakespeare_deepl,31,0.935061433361275,3.67142857142857,0
shakespeare_deepl,32,0.936085576058605,2.92142857142857,0
shakespeare_deepl,33,0.937708200780976,2.85714285714286,0
shakespeare_deepl,34,0.930475675227913,2.75714285714286,0
shakespeare_deepl,35,0.949766522004164,2.53571428571429,0
shakespeare_deepl,36,0.940046491601318,2.64285714285714,0.25
shakespeare_deepl,37,0.942354574603754,2.28571428571429,0
shakespeare_deepl,38,0.938385819178034,2.84285714285714,0.25
shakespeare_deepl,39,0.942071787412475,3.52857142857143,0
shakespeare_deepl,40,0.94031126710627,2.39285714285714,0
shakespeare_deepl,41,0.944259747304134,2.95,0
shakespeare_deepl,42,0.947323775825711,2.65,0
shakespeare_deepl,43,0.939448721602809,2.67142857142857,0
shakespeare_deepl,44,0.950397900904514,2.43571428571429,0
shakespeare_deepl,45,0.924529896744341,3.07857142857143,0
shakespeare_deepl,46,0.938400647962124,2.22857142857143,0
shakespeare_deepl,47,0.925877307730374,2.90714285714286,0
shakespeare_deepl,48,0.928001245596974,2.38571428571429,0
shakespeare_deepl,49,0.931293641026944,2.55,0
shakespeare_deepl,50,0.938574405113372,3.30714285714286,0
shakespeare_deepl,51,0.930374442506544,3.05714285714286,0
shakespeare_deepl,52,0.949480009058808,2.07857142857143,0
shakespeare_deepl,53,0.928726663811394,2.65,0
shakespeare_deepl,54,0.936877542788001,2.32142857142857,0
shakespeare_deepl,55,0.933760154010128,2.68571428571429,0
shakespeare_deepl,56,0.948551112841627,3.12142857142857,0
shakespeare_deepl,57,0.929011521779504,2.92857142857143,0
shakespeare_deepl,58,0.928803995743144,2.10714285714286,0
shakespeare_deepl,59,0.930709307059651,2,0
shakespeare_deepl,60,0.947122304588798,2.19285714285714,0
shakespeare_deepl,61,0.931547104396734,2.67857142857143,0
shakespeare_deepl,62,0.94190316891925,2.92857142857143,0
shakespeare_deepl,63,0.928325126574575,3.41428571428571,0
shakespeare_deepl,64,0.950914963493008,3.05,0
shakespeare_deepl,65,0.909034535231778,2.45714285714286,0
shakespeare_deepl,66,0.947469604196397,3.22857142857143,0
shakespeare_deepl,67,0.947231390213232,2.93571428571429,0
shakespeare_deepl,68,0.93645093295775,3.24285714285714,0
shakespeare_deepl,69,0.928105774563264,3.18571428571429,0
shakespeare_deepl,70,0.94308280094357,2.39285714285714,0
shakespeare_deepl,71,0.95096652276586,2.73571428571429,0
shakespeare_deepl,72,0.924433614700492,2.35,0
shakespeare_deepl,73,0.938373981062506,2.31428571428571,0
shakespeare_deepl,74,0.931887258438597,2.54285714285714,0
shakespeare_deepl,75,0.960407719423126,2.45,0
shakespeare_deepl,76,0.944700363217184,2.98571428571429,0
shakespeare_deepl,77,0.944955191996354,2.49285714285714,0
shakespeare_deepl,78,0.949251612611803,1.78571428571429,0
shakespeare_deepl,79,0.925157145978964,3.14285714285714,0
shakespeare_deepl,80,0.939786149934101,3.32142857142857,0
shakespeare_deepl,81,0.917274019961418,3.08571428571429,0
shakespeare_deepl,82,0.948638070803618,2.48571428571429,0
shakespeare_deepl,83,0.931252682726146,2.58571428571429,0
shakespeare_deepl,84,0.926032312175623,3.52857142857143,0
shakespeare_deepl,85,0.94183517302066,2.50714285714286,0
shakespeare_deepl,86,0.93387544424952,2.18571428571429,0
shakespeare_deepl,87,0.934658596147906,2.59285714285714,0
shakespeare_deepl,88,0.949031847717524,2.82142857142857,0
shakespeare_deepl,89,0.92245735841774,2.73571428571429,0
shakespeare_deepl,90,0.943146813371216,3.71428571428571,0
shakespeare_deepl,91,0.934071275067718,2.26428571428571,0
shakespeare_deepl,92,0.93935468447294,2.97857142857143,0
shakespeare_deepl,93,0.954265761108536,2.36428571428571,0
shakespeare_deepl,94,0.941062944070362,2.18571428571429,0
shakespeare_deepl,95,0.937933244434038,3.04285714285714,0
shakespeare_deepl,96,0.937904947842303,2.36428571428571,0
shakespeare_deepl,97,0.933084510804913,2.35,0
shakespeare_deepl,98,0.949477957724043,2.62,0
shakespeare_deepl,99,0.937218286200515,3.42857142857143,0
